temp_c,pressure_bar,b_micro_per_c,source_page
1.0,0.981,-98.620000,56
2.0,0.981,-79.890000,56
3.0,0.981,-61.810000,56
4.0,0.981,-44.340000,56
5.0,0.981,-27.470000,56
6.0,0.981,-11.140000,56
7.0,0.981,4.660000,56
8.0,0.981,19.980000,56
9.0,0.981,34.820000,57
10.0,0.981,49.220000,57
11.0,0.981,63.200000,57
12.0,0.981,76.780000,57
13.0,0.981,89.990000,57
14.0,0.981,102.830000,57
15.0,0.981,115.340000,57
16.0,0.981,127.520000,58
17.0,0.981,139.410000,58
18.0,0.981,151.000000,58
19.0,0.981,162.310000,58
20.0,0.981,173.370000,58
21.0,0.981,184.180000,58
22.0,0.981,194.750000,58
23.0,0.981,205.080000,58
24.0,0.981,215.220000,59
25.0,0.981,215.140000,59
26.0,0.981,234.880000,59
27.0,0.981,244.410000,59
28.0,0.981,253.790000,59
29.0,0.981,263.000000,59
30.0,0.981,272.030000,59
1.0,10.0,-95.550000,56
2.0,10.0,-76.940000,56
3.0,10.0,-58.990000,56
4.0,10.0,-41.650000,56
5.0,10.0,-24.890000,56
6.0,10.0,-8.670000,56
7.0,10.0,7.020000,56
8.0,10.0,22.230000,56
9.0,10.0,36.970000,57
10.0,10.0,51.260000,57
11.0,10.0,65.150000,57
12.0,10.0,78.640000,57
13.0,10.0,91.750000,57
14.0,10.0,104.510000,57
15.0,10.0,116.930000,57
16.0,10.0,129.020000,58
17.0,10.0,140.830000,58
18.0,10.0,152.360000,58
19.0,10.0,163.580000,58
20.0,10.0,174.560000,58
21.0,10.0,185.300000,58
22.0,10.0,195.790000,58
23.0,10.0,206.070000,58
24.0,10.0,216.130000,59
25.0,10.0,225.990000,59
26.0,10.0,235.660000,59
27.0,10.0,245.130000,59
28.0,10.0,254.440000,59
29.0,10.0,264.270000,59
30.0,10.0,272.570000,59
1.0,20.0,-92.150000,56
2.0,20.0,-73.680000,56
3.0,20.0,-55.860000,56
4.0,20.0,-38.640000,56
5.0,20.0,-22.010000,56
6.0,20.0,-5.920000,56
7.0,20.0,9.650000,56
8.0,20.0,24.740000,56
9.0,20.0,39.360000,57
10.0,20.0,53.550000,57
11.0,20.0,67.330000,57
12.0,20.0,80.710000,57
13.0,20.0,93.720000,57
14.0,20.0,106.390000,57
15.0,20.0,118.710000,57
16.0,20.0,130.710000,58
17.0,20.0,142.420000,58
18.0,20.0,153.850000,58
19.0,20.0,165.000000,58
20.0,20.0,175.900000,58
21.0,20.0,186.550000,58
22.0,20.0,196.960000,58
23.0,20.0,207.160000,58
24.0,20.0,217.150000,59
25.0,20.0,226.940000,59
26.0,20.0,236.530000,59
27.0,20.0,245.940000,59
28.0,20.0,255.180000,59
29.0,20.0,264.590000,59
30.0,20.0,273.180000,59
1.0,30.0,-88.740000,56
2.0,30.0,-70.400000,56
3.0,30.0,-52.720000,56
4.0,30.0,-35.630000,56
5.0,30.0,-19.140000,56
6.0,30.0,-3.160000,56
7.0,30.0,12.290000,56
8.0,30.0,27.260000,56
9.0,30.0,41.760000,57
10.0,30.0,55.840000,57
11.0,30.0,69.510000,57
12.0,30.0,82.790000,57
13.0,30.0,95.700000,57
14.0,30.0,108.260000,57
15.0,30.0,120.490000,57
16.0,30.0,132.400000,58
17.0,30.0,144.020000,58
18.0,30.0,155.350000,58
19.0,30.0,166.420000,58
20.0,30.0,177.230000,58
21.0,30.0,187.800000,58
22.0,30.0,198.140000,58
23.0,30.0,208.260000,58
24.0,30.0,218.180000,59
25.0,30.0,227.880000,59
26.0,30.0,237.410000,59
27.0,30.0,246.750000,59
28.0,30.0,255.930000,59
29.0,30.0,264.950000,59
30.0,30.0,273.800000,59
1.0,40.0,-85.320000,56
2.0,40.0,-67.120000,56
3.0,40.0,-49.580000,56
4.0,40.0,-32.620000,56
5.0,40.0,-16.240000,56
6.0,40.0,-0.410000,56
7.0,40.0,14.930000,56
8.0,40.0,29.780000,56
9.0,40.0,44.180000,57
10.0,40.0,58.140000,57
11.0,40.0,71.700000,57
12.0,40.0,84.870000,57
13.0,40.0,97.680000,57
14.0,40.0,110.140000,57
15.0,40.0,122.280000,57
16.0,40.0,134.100000,58
17.0,40.0,145.620000,58
18.0,40.0,156.870000,58
19.0,40.0,167.850000,58
20.0,40.0,178.580000,58
21.0,40.0,189.070000,58
22.0,40.0,199.330000,58
23.0,40.0,209.370000,58
24.0,40.0,219.210000,59
25.0,40.0,228.850000,59
26.0,40.0,238.300000,59
27.0,40.0,247.580000,59
28.0,40.0,256.690000,59
29.0,40.0,265.640000,59
30.0,40.0,274.420000,59
1.0,50.0,-81.900000,56
2.0,50.0,-63.840000,56
3.0,50.0,-46.430000,56
4.0,50.0,-29.600000,56
5.0,50.0,-13.360000,56
6.0,50.0,2.360000,56
7.0,50.0,17.570000,56
8.0,50.0,32.310000,56
9.0,50.0,46.600000,57
10.0,50.0,60.450000,57
11.0,50.0,73.900000,57
12.0,50.0,86.960000,57
13.0,50.0,99.680000,57
14.0,50.0,112.040000,57
15.0,50.0,124.070000,57
16.0,50.0,135.800000,58
17.0,50.0,147.240000,58
18.0,50.0,158.390000,58
19.0,50.0,169.850000,58
20.0,50.0,179.930000,58
21.0,50.0,190.340000,58
22.0,50.0,200.520000,58
23.0,50.0,210.490000,58
24.0,50.0,220.250000,59
25.0,50.0,229.820000,59
26.0,50.0,239.200000,59
27.0,50.0,248.400000,59
28.0,50.0,257.450000,59
29.0,50.0,266.330000,59
30.0,50.0,275.070000,59
1.0,60.0,-78.470000,56
2.0,60.0,-60.550000,56
3.0,60.0,-43.270000,56
4.0,60.0,-26.580000,56
5.0,60.0,-10.460000,56
6.0,60.0,5.150000,56
7.0,60.0,20.230000,56
8.0,60.0,34.850000,56
9.0,60.0,49.020000,57
10.0,60.0,62.760000,57
11.0,60.0,76.100000,57
12.0,60.0,89.070000,57
13.0,60.0,102.670000,57
14.0,60.0,113.930000,57
15.0,60.0,125.880000,57
16.0,60.0,137.510000,58
17.0,60.0,148.860000,58
18.0,60.0,159.920000,58
19.0,60.0,170.730000,58
20.0,60.0,181.290000,58
21.0,60.0,191.620000,58
22.0,60.0,201.720000,58
23.0,60.0,211.610000,58
24.0,60.0,221.300000,59
25.0,60.0,230.790000,59
26.0,60.0,240.110000,59
27.0,60.0,249.240000,59
28.0,60.0,258.220000,59
29.0,60.0,267.040000,59
30.0,60.0,275.700000,59
1.0,70.0,-75.030000,56
2.0,70.0,-57.250000,56
3.0,70.0,-40.100000,56
4.0,70.0,-23.540000,56
5.0,70.0,-7.560000,56
6.0,70.0,7.920000,56
7.0,70.0,22.890000,56
8.0,70.0,37.390000,56
9.0,70.0,51.440000,57
10.0,70.0,65.080000,57
11.0,70.0,78.320000,57
12.0,70.0,91.170000,57
13.0,70.0,103.680000,57
14.0,70.0,115.840000,57
15.0,70.0,127.690000,57
16.0,70.0,139.220000,58
17.0,70.0,150.490000,58
18.0,70.0,161.460000,58
19.0,70.0,172.180000,58
20.0,70.0,182.660000,58
21.0,70.0,192.910000,58
22.0,70.0,202.930000,58
23.0,70.0,212.740000,58
24.0,70.0,222.350000,59
25.0,70.0,231.780000,59
26.0,70.0,241.020000,59
27.0,70.0,250.080000,59
28.0,70.0,258.990000,59
29.0,70.0,267.750000,59
30.0,70.0,276.350000,59
1.0,80.0,-71.600000,56
2.0,80.0,-53.960000,56
3.0,80.0,-36.940000,56
4.0,80.0,-20.510000,56
5.0,80.0,-4.650000,56
6.0,80.0,10.700000,56
7.0,80.0,25.550000,56
8.0,80.0,39.940000,56
9.0,80.0,53.880000,57
10.0,80.0,67.400000,57
11.0,80.0,80.530000,57
12.0,80.0,93.290000,57
13.0,80.0,105.690000,57
14.0,80.0,117.760000,57
15.0,80.0,129.500000,57
16.0,80.0,140.950000,58
17.0,80.0,152.110000,58
18.0,80.0,163.000000,58
19.0,80.0,173.640000,58
20.0,80.0,184.030000,58
21.0,80.0,194.200000,58
22.0,80.0,204.140000,58
23.0,80.0,213.880000,58
24.0,80.0,223.420000,59
25.0,80.0,232.770000,59
26.0,80.0,241.940000,59
27.0,80.0,250.930000,59
28.0,80.0,259.780000,59
29.0,80.0,268.470000,59
30.0,80.0,277.010000,59
1.0,90.0,-68.160000,56
2.0,90.0,-50.660000,56
3.0,90.0,-33.770000,56
4.0,90.0,-17.470000,56
5.0,90.0,-1.730000,56
6.0,90.0,13.500000,56
7.0,90.0,28.230000,56
8.0,90.0,42.500000,56
9.0,90.0,56.320000,57
10.0,90.0,69.730000,57
11.0,90.0,82.750000,57
12.0,90.0,95.410000,57
13.0,90.0,107.700000,57
14.0,90.0,119.670000,57
15.0,90.0,131.320000,57
16.0,90.0,142.670000,58
17.0,90.0,153.750000,58
18.0,90.0,164.560000,58
19.0,90.0,175.100000,58
20.0,90.0,185.410000,58
21.0,90.0,195.500000,58
22.0,90.0,205.360000,58
23.0,90.0,215.030000,58
24.0,90.0,224.480000,59
25.0,90.0,233.760000,59
26.0,90.0,242.870000,59
27.0,90.0,251.790000,59
28.0,90.0,260.570000,59
29.0,90.0,269.190000,59
30.0,90.0,277.660000,59
1.0,100.0,-64.720000,56
2.0,100.0,-47.350000,56
3.0,100.0,-30.600000,56
4.0,100.0,-14.430000,56
5.0,100.0,1.180000,56
6.0,100.0,16.290000,56
7.0,100.0,30.900000,56
8.0,100.0,45.050000,56
9.0,100.0,58.770000,57
10.0,100.0,72.070000,57
11.0,100.0,84.980000,57
12.0,100.0,97.530000,57
13.0,100.0,109.730000,57
14.0,100.0,121.590000,57
15.0,100.0,133.150000,57
16.0,100.0,144.420000,58
17.0,100.0,155.400000,58
18.0,100.0,166.110000,58
19.0,100.0,176.580000,58
20.0,100.0,186.800000,58
21.0,100.0,196.800000,58
22.0,100.0,206.590000,58
23.0,100.0,216.170000,58
24.0,100.0,225.560000,59
25.0,100.0,234.760000,59
26.0,100.0,243.790000,59
27.0,100.0,252.660000,59
28.0,100.0,261.360000,59
29.0,100.0,269.920000,59
30.0,100.0,278.330000,59
1.0,110.0,-61.280000,56
2.0,110.0,-44.050000,56
3.0,110.0,-27.430000,56
4.0,110.0,-11.380000,56
5.0,110.0,4.100000,56
6.0,110.0,19.080000,56
7.0,110.0,33.580000,56
8.0,110.0,47.610000,56
9.0,110.0,61.210000,57
10.0,110.0,74.410000,57
11.0,110.0,87.220000,57
12.0,110.0,99.660000,57
13.0,110.0,111.750000,57
14.0,110.0,123.520000,57
15.0,110.0,134.980000,57
16.0,110.0,146.150000,58
17.0,110.0,157.040000,58
18.0,110.0,167.660000,58
19.0,110.0,178.050000,58
20.0,110.0,188.200000,58
21.0,110.0,198.120000,58
22.0,110.0,207.820000,58
23.0,110.0,217.330000,58
24.0,110.0,226.640000,59
25.0,110.0,235.780000,59
26.0,110.0,244.730000,59
27.0,110.0,253.530000,59
28.0,110.0,262.170000,59
29.0,110.0,270.770000,59
30.0,110.0,279.010000,59
1.0,120.0,-57.840000,56
2.0,120.0,-40.740000,56
3.0,120.0,-24.260000,56
4.0,120.0,-8.340000,56
5.0,120.0,7.020000,56
6.0,120.0,21.880000,56
7.0,120.0,36.260000,56
8.0,120.0,50.180000,56
9.0,120.0,63.670000,57
10.0,120.0,76.740000,57
11.0,120.0,89.450000,57
12.0,120.0,101.790000,57
13.0,120.0,113.790000,57
14.0,120.0,125.460000,57
15.0,120.0,136.820000,57
16.0,120.0,147.900000,58
17.0,120.0,158.700000,58
18.0,120.0,169.240000,58
19.0,120.0,179.540000,58
20.0,120.0,189.590000,58
21.0,120.0,199.440000,58
22.0,120.0,209.060000,58
23.0,120.0,218.490000,58
24.0,120.0,227.730000,59
25.0,120.0,236.790000,59
26.0,120.0,245.680000,59
27.0,120.0,254.400000,59
28.0,120.0,262.980000,59
29.0,120.0,271.410000,59
30.0,120.0,279.690000,59
1.0,130.0,-54.400000,56
2.0,130.0,-37.440000,56
3.0,130.0,-21.080000,56
4.0,130.0,-5.290000,56
5.0,130.0,9.950000,56
6.0,130.0,24.680000,56
7.0,130.0,38.940000,56
8.0,130.0,52.750000,56
9.0,130.0,66.120000,57
10.0,130.0,79.090000,57
11.0,130.0,91.690000,57
12.0,130.0,103.930000,57
13.0,130.0,115.830000,57
14.0,130.0,127.390000,57
15.0,130.0,138.670000,57
16.0,130.0,149.650000,58
17.0,130.0,160.360000,58
18.0,130.0,170.810000,58
19.0,130.0,181.020000,58
20.0,130.0,191.000000,58
21.0,130.0,200.750000,58
22.0,130.0,210.310000,58
23.0,130.0,219.660000,58
24.0,130.0,228.820000,59
25.0,130.0,237.810000,59
26.0,130.0,246.630000,59
27.0,130.0,255.280000,59
28.0,130.0,263.690000,59
29.0,130.0,272.160000,59
30.0,130.0,280.380000,59
1.0,140.0,-50.960000,56
2.0,140.0,-34.130000,56
3.0,140.0,-17.900000,56
4.0,140.0,-2.250000,56
5.0,140.0,12.870000,56
6.0,140.0,27.490000,56
7.0,140.0,41.630000,56
8.0,140.0,55.320000,56
9.0,140.0,68.580000,57
10.0,140.0,81.450000,57
11.0,140.0,93.930000,57
12.0,140.0,106.070000,57
13.0,140.0,117.670000,57
14.0,140.0,129.340000,57
15.0,140.0,140.510000,57
16.0,140.0,151.400000,58
17.0,140.0,162.030000,58
18.0,140.0,172.390000,58
19.0,140.0,182.510000,58
20.0,140.0,192.410000,58
21.0,140.0,202.090000,58
22.0,140.0,211.560000,58
23.0,140.0,220.840000,58
24.0,140.0,229.920000,59
25.0,140.0,238.840000,59
26.0,140.0,247.590000,59
27.0,140.0,256.180000,59
28.0,140.0,264.620000,59
29.0,140.0,272.920000,59
30.0,140.0,281.080000,59
1.0,150.0,-47.530000,56
2.0,150.0,-30.830000,56
3.0,150.0,-14.730000,56
4.0,150.0,0.800000,56
5.0,150.0,15.790000,56
6.0,150.0,30.290000,56
7.0,150.0,44.310000,56
8.0,150.0,57.890000,56
9.0,150.0,71.050000,57
10.0,150.0,83.800000,57
11.0,150.0,96.180000,57
12.0,150.0,108.210000,57
13.0,150.0,119.900000,57
14.0,150.0,131.200000,57
15.0,150.0,142.370000,57
16.0,150.0,153.160000,58
17.0,150.0,163.700000,58
18.0,150.0,173.980000,58
19.0,150.0,184.000000,58
20.0,150.0,193.820000,58
21.0,150.0,203.420000,58
22.0,150.0,212.810000,58
23.0,150.0,222.020000,58
24.0,150.0,231.030000,59
25.0,150.0,239.870000,59
26.0,150.0,248.550000,59
27.0,150.0,257.070000,59
28.0,150.0,265.440000,59
29.0,150.0,273.690000,59
30.0,150.0,281.780000,59
1.0,160.0,-44.100000,56
2.0,160.0,-27.530000,56
3.0,160.0,-11.560000,56
4.0,160.0,3.850000,56
5.0,160.0,18.720000,56
6.0,160.0,33.100000,56
7.0,160.0,47.000000,56
8.0,160.0,60.460000,56
9.0,160.0,73.510000,57
10.0,160.0,86.150000,57
11.0,160.0,98.430000,57
12.0,160.0,110.360000,57
13.0,160.0,121.960000,57
14.0,160.0,133.740000,57
15.0,160.0,144.220000,57
16.0,160.0,154.930000,58
17.0,160.0,165.370000,58
18.0,160.0,175.560000,58
19.0,160.0,185.510000,58
20.0,160.0,195.240000,58
21.0,160.0,204.760000,58
22.0,160.0,214.080000,58
23.0,160.0,223.200000,58
24.0,160.0,232.140000,59
25.0,160.0,240.910000,59
26.0,160.0,249.520000,59
27.0,160.0,257.970000,59
28.0,160.0,266.280000,59
29.0,160.0,274.460000,59
30.0,160.0,282.490000,59
1.0,170.0,-40.670000,56
2.0,170.0,-24.230000,56
3.0,170.0,-8.400000,56
4.0,170.0,6.890000,56
5.0,170.0,21.640000,56
6.0,170.0,35.900000,56
7.0,170.0,49.690000,56
8.0,170.0,63.040000,56
9.0,170.0,75.970000,57
10.0,170.0,88.510000,57
11.0,170.0,100.680000,57
12.0,170.0,112.510000,57
13.0,170.0,124.010000,57
14.0,170.0,135.190000,57
15.0,170.0,146.080000,57
16.0,170.0,156.690000,58
17.0,170.0,167.050000,58
18.0,170.0,177.150000,58
19.0,170.0,187.020000,58
20.0,170.0,196.660000,58
21.0,170.0,206.100000,58
22.0,170.0,215.340000,58
23.0,170.0,224.390000,58
24.0,170.0,233.260000,59
25.0,170.0,241.960000,59
26.0,170.0,250.490000,59
27.0,170.0,258.880000,59
28.0,170.0,267.120000,59
29.0,170.0,275.230000,59
30.0,170.0,283.200000,59
1.0,180.0,-37.240000,56
2.0,180.0,-20.940000,56
3.0,180.0,-5.230000,56
4.0,180.0,9.940000,56
5.0,180.0,24.560000,56
6.0,180.0,38.700000,56
7.0,180.0,52.370000,56
8.0,180.0,65.620000,56
9.0,180.0,78.440000,57
10.0,180.0,90.870000,57
11.0,180.0,102.940000,57
12.0,180.0,114.660000,57
13.0,180.0,126.060000,57
14.0,180.0,137.150000,57
15.0,180.0,147.940000,57
16.0,180.0,158.470000,58
17.0,180.0,168.730000,58
18.0,180.0,178.750000,58
19.0,180.0,188.530000,58
20.0,180.0,198.090000,58
21.0,180.0,207.450000,58
22.0,180.0,216.610000,58
23.0,180.0,225.550000,58
24.0,180.0,234.380000,59
25.0,180.0,243.010000,59
26.0,180.0,251.470000,59
27.0,180.0,259.790000,59
28.0,180.0,267.970000,59
29.0,180.0,276.010000,59
30.0,180.0,283.920000,59
1.0,190.0,-33.830000,56
2.0,190.0,-17.650000,56
3.0,190.0,-2.060000,56
4.0,190.0,12.980000,56
5.0,190.0,27.480000,56
6.0,190.0,41.510000,56
7.0,190.0,55.060000,56
8.0,190.0,68.190000,56
9.0,190.0,80.910000,57
10.0,190.0,93.230000,57
11.0,190.0,105.190000,57
12.0,190.0,116.820000,57
13.0,190.0,128.120000,57
14.0,190.0,139.110000,57
15.0,190.0,149.810000,57
16.0,190.0,160.240000,58
17.0,190.0,170.420000,58
18.0,190.0,180.350000,58
19.0,190.0,190.050000,58
20.0,190.0,199.520000,58
21.0,190.0,208.800000,58
22.0,190.0,217.890000,58
23.0,190.0,226.790000,58
24.0,190.0,235.510000,59
25.0,190.0,244.060000,59
26.0,190.0,252.460000,59
27.0,190.0,260.710000,59
28.0,190.0,268.820000,59
29.0,190.0,276.800000,59
30.0,190.0,284.640000,59
1.0,200.0,-30.420000,56
2.0,200.0,-14.370000,56
3.0,200.0,1.090000,56
4.0,200.0,16.010000,56
5.0,200.0,30.400000,56
6.0,200.0,44.300000,56
7.0,200.0,57.750000,56
8.0,200.0,70.770000,56
9.0,200.0,83.370000,57
10.0,200.0,95.590000,57
11.0,200.0,107.450000,57
12.0,200.0,118.970000,57
13.0,200.0,130.170000,57
14.0,200.0,141.070000,57
15.0,200.0,151.680000,57
16.0,200.0,162.010000,58
17.0,200.0,172.100000,58
18.0,200.0,181.950000,58
19.0,200.0,191.570000,58
20.0,200.0,200.970000,58
21.0,200.0,210.160000,58
22.0,200.0,219.170000,58
23.0,200.0,227.990000,58
24.0,200.0,236.640000,59
25.0,200.0,245.120000,59
26.0,200.0,253.450000,59
27.0,200.0,261.630000,59
28.0,200.0,269.670000,59
29.0,200.0,277.590000,59
30.0,200.0,285.370000,59
1.0,210.0,-27.020000,56
2.0,210.0,-11.090000,56
3.0,210.0,4.250000,56
4.0,210.0,19.040000,56
5.0,210.0,33.310000,56
6.0,210.0,47.100000,56
7.0,210.0,60.430000,56
8.0,210.0,73.340000,56
9.0,210.0,85.840000,57
10.0,210.0,97.950000,57
11.0,210.0,109.710000,57
12.0,210.0,121.130000,57
13.0,210.0,132.240000,57
14.0,210.0,143.030000,57
15.0,210.0,153.550000,57
16.0,210.0,163.800000,58
17.0,210.0,173.800000,58
18.0,210.0,183.550000,58
19.0,210.0,193.090000,58
20.0,210.0,202.400000,58
21.0,210.0,211.530000,58
22.0,210.0,220.460000,58
23.0,210.0,229.200000,58
24.0,210.0,237.770000,59
25.0,210.0,246.180000,59
26.0,210.0,254.450000,59
27.0,210.0,262.500000,59
28.0,210.0,270.540000,59
29.0,210.0,278.390000,59
30.0,210.0,286.110000,59
1.0,220.0,-23.630000,56
2.0,220.0,-7.820000,56
3.0,220.0,7.400000,56
4.0,220.0,22.060000,56
5.0,220.0,36.220000,56
6.0,220.0,49.900000,56
7.0,220.0,63.120000,56
8.0,220.0,75.900000,56
9.0,220.0,88.300000,57
10.0,220.0,100.310000,57
11.0,220.0,111.970000,57
12.0,220.0,123.290000,57
13.0,220.0,134.290000,57
14.0,220.0,144.990000,57
15.0,220.0,155.420000,57
16.0,220.0,165.580000,58
17.0,220.0,175.430000,58
18.0,220.0,185.160000,58
19.0,220.0,194.620000,58
20.0,220.0,203.850000,58
21.0,220.0,212.890000,58
22.0,220.0,221.740000,58
23.0,220.0,230.410000,58
24.0,220.0,238.910000,59
25.0,220.0,247.260000,59
26.0,220.0,255.450000,59
27.0,220.0,263.490000,59
28.0,220.0,271.400000,59
29.0,220.0,279.190000,59
30.0,220.0,286.850000,59
1.0,230.0,-20.240000,56
2.0,230.0,-4.560000,56
3.0,230.0,10.540000,56
4.0,230.0,25.080000,56
5.0,230.0,39.130000,56
6.0,230.0,52.690000,56
7.0,230.0,65.800000,56
8.0,230.0,78.480000,56
9.0,230.0,90.670000,57
10.0,230.0,102.670000,57
11.0,230.0,114.230000,57
12.0,230.0,125.450000,57
13.0,230.0,136.360000,57
14.0,230.0,146.960000,57
15.0,230.0,157.300000,57
16.0,230.0,167.360000,58
17.0,230.0,177.190000,58
18.0,230.0,186.780000,58
19.0,230.0,196.140000,58
20.0,230.0,205.300000,58
21.0,230.0,214.260000,58
22.0,230.0,223.040000,58
23.0,230.0,231.630000,58
24.0,230.0,240.060000,59
25.0,230.0,248.330000,59
26.0,230.0,256.460000,59
27.0,230.0,264.430000,59
28.0,230.0,272.280000,59
29.0,230.0,280.000000,59
30.0,230.0,287.590000,59
1.0,240.0,-16.870000,56
2.0,240.0,-1.300000,56
3.0,240.0,13.670000,56
4.0,240.0,28.100000,56
5.0,240.0,42.030000,56
6.0,240.0,55.480000,56
7.0,240.0,68.480000,56
8.0,240.0,81.050000,56
9.0,240.0,93.220000,57
10.0,240.0,105.030000,57
11.0,240.0,116.480000,57
12.0,240.0,127.600000,57
13.0,240.0,138.420000,57
14.0,240.0,148.930000,57
15.0,240.0,159.180000,57
16.0,240.0,169.160000,58
17.0,240.0,178.890000,58
18.0,240.0,188.390000,58
19.0,240.0,197.680000,58
20.0,240.0,206.750000,58
21.0,240.0,215.630000,58
22.0,240.0,224.330000,58
23.0,240.0,232.850000,58
24.0,240.0,241.210000,59
25.0,240.0,249.410000,59
26.0,240.0,257.460000,59
27.0,240.0,265.370000,59
28.0,240.0,273.160000,59
29.0,240.0,280.820000,59
30.0,240.0,288.350000,59
1.0,250.0,-13.580000,56
2.0,250.0,1.940000,56
3.0,250.0,16.790000,56
4.0,250.0,31.110000,56
5.0,250.0,44.920000,56
6.0,250.0,58.260000,56
7.0,250.0,71.150000,56
8.0,250.0,83.610000,56
9.0,250.0,95.690000,57
10.0,250.0,107.390000,57
11.0,250.0,118.740000,57
12.0,250.0,129.760000,57
13.0,250.0,140.480000,57
14.0,250.0,150.900000,57
15.0,250.0,161.050000,57
16.0,250.0,170.940000,58
17.0,250.0,180.590000,58
18.0,250.0,190.010000,58
19.0,250.0,199.210000,58
20.0,250.0,208.200000,58
21.0,250.0,217.000000,58
22.0,250.0,225.630000,58
23.0,250.0,234.080000,58
24.0,250.0,242.360000,59
25.0,250.0,250.490000,59
26.0,250.0,258.480000,59
27.0,250.0,266.310000,59
28.0,250.0,274.040000,59
29.0,250.0,281.630000,59
30.0,250.0,289.110000,59
1.0,260.0,-10.140000,56
2.0,260.0,5.170000,56
3.0,260.0,19.900000,56
4.0,260.0,34.120000,56
5.0,260.0,47.810000,56
6.0,260.0,61.040000,56
7.0,260.0,73.810000,56
8.0,260.0,86.810000,56
9.0,260.0,98.140000,57
10.0,260.0,109.740000,57
11.0,260.0,121.000000,57
12.0,260.0,131.920000,57
13.0,260.0,142.540000,57
14.0,260.0,152.870000,57
15.0,260.0,162.930000,57
16.0,260.0,172.730000,58
17.0,260.0,182.300000,58
18.0,260.0,191.630000,58
19.0,260.0,200.750000,58
20.0,260.0,209.660000,58
21.0,260.0,218.400000,58
22.0,260.0,226.930000,58
23.0,260.0,235.310000,58
24.0,260.0,243.520000,59
25.0,260.0,251.580000,59
26.0,260.0,259.490000,59
27.0,260.0,267.270000,59
28.0,260.0,274.920000,59
29.0,260.0,282.460000,59
30.0,260.0,289.860000,59
1.0,270.0,-6.800000,56
2.0,270.0,8.390000,56
3.0,270.0,23.000000,56
4.0,270.0,37.110000,56
5.0,270.0,50.690000,56
6.0,270.0,63.800000,56
7.0,270.0,76.480000,56
8.0,270.0,88.730000,56
9.0,270.0,100.600000,57
10.0,270.0,112.100000,57
11.0,270.0,123.250000,57
12.0,270.0,134.080000,57
13.0,270.0,144.610000,57
14.0,270.0,154.840000,57
15.0,270.0,164.810000,57
16.0,270.0,174.530000,58
17.0,270.0,184.000000,58
18.0,270.0,193.250000,58
19.0,270.0,202.290000,58
20.0,270.0,211.120000,58
21.0,270.0,219.770000,58
22.0,270.0,228.240000,58
23.0,270.0,236.540000,58
24.0,270.0,244.680000,59
25.0,270.0,252.660000,59
26.0,270.0,260.520000,59
27.0,270.0,268.230000,59
28.0,270.0,275.820000,59
29.0,270.0,283.290000,59
30.0,270.0,290.640000,59
1.0,280.0,-3.480000,56
2.0,280.0,11.600000,56
3.0,280.0,26.110000,56
4.0,280.0,40.090000,56
5.0,280.0,53.560000,56
6.0,280.0,66.570000,56
7.0,280.0,79.140000,56
8.0,280.0,91.290000,56
9.0,280.0,103.050000,57
10.0,280.0,114.440000,57
11.0,280.0,125.500000,57
12.0,280.0,136.240000,57
13.0,280.0,146.670000,57
14.0,280.0,156.840000,57
15.0,280.0,166.690000,57
16.0,280.0,176.320000,58
17.0,280.0,185.700000,58
18.0,280.0,194.880000,58
19.0,280.0,203.830000,58
20.0,280.0,212.590000,58
21.0,280.0,221.160000,58
22.0,280.0,229.550000,58
23.0,280.0,237.770000,58
24.0,280.0,245.840000,59
25.0,280.0,253.760000,59
26.0,280.0,261.540000,59
27.0,280.0,269.180000,59
28.0,280.0,276.710000,59
29.0,280.0,284.120000,59
30.0,280.0,291.400000,59
1.0,290.0,-0.170000,56
2.0,290.0,14.800000,56
3.0,290.0,29.190000,56
4.0,290.0,43.070000,56
5.0,290.0,56.430000,56
6.0,290.0,69.330000,56
7.0,290.0,81.780000,56
8.0,290.0,93.830000,56
9.0,290.0,105.500000,57
10.0,290.0,116.790000,57
11.0,290.0,127.750000,57
12.0,290.0,138.390000,57
13.0,290.0,148.730000,57
14.0,290.0,158.780000,57
15.0,290.0,168.570000,57
16.0,290.0,178.110000,58
17.0,290.0,187.420000,58
18.0,290.0,196.500000,58
19.0,290.0,205.370000,58
20.0,290.0,214.050000,58
21.0,290.0,222.540000,58
22.0,290.0,230.860000,58
23.0,290.0,239.010000,58
24.0,290.0,247.010000,59
25.0,290.0,254.860000,59
26.0,290.0,262.570000,59
27.0,290.0,270.150000,59
28.0,290.0,277.610000,59
29.0,290.0,284.950000,59
30.0,290.0,292.180000,59
1.0,300.0,3.130000,56
2.0,300.0,17.980000,56
3.0,300.0,32.270000,56
4.0,300.0,46.030000,56
5.0,300.0,59.290000,56
6.0,300.0,72.060000,56
7.0,300.0,84.830000,56
8.0,300.0,96.380000,56
9.0,300.0,107.940000,57
10.0,300.0,119.130000,57
11.0,300.0,130.000000,57
12.0,300.0,140.540000,57
13.0,300.0,150.790000,57
14.0,300.0,160.750000,57
15.0,300.0,170.450000,57
16.0,300.0,179.900000,58
17.0,300.0,189.130000,58
18.0,300.0,198.130000,58
19.0,300.0,206.920000,58
20.0,300.0,215.510000,58
21.0,300.0,223.930000,58
22.0,300.0,232.180000,58
23.0,300.0,240.260000,58
24.0,300.0,248.180000,59
25.0,300.0,255.960000,59
26.0,300.0,263.600000,59
27.0,300.0,271.110000,59
28.0,300.0,278.510000,59
29.0,300.0,285.790000,59
30.0,300.0,292.950000,59
