temp_c,pressure_bar,public_a_estimated,local_a,delta,delta_pct
2.0,30.0,49.172955,49.205,-0.032045,-0.065125
4.0,30.0,48.565253,48.576,-0.010747,-0.022124
6.0,30.0,48.006825,48.0,0.006825,0.014219
8.0,30.0,47.431972,47.472,-0.040028,-0.084319
10.0,30.0,47.004938,46.99,0.014938,0.03179
12.0,30.0,46.643602,46.552,0.091602,0.196774
14.0,30.0,46.18372,46.156,0.02772,0.060057
16.0,30.0,45.789535,45.798,-0.008465,-0.018483
18.0,30.0,45.477472,45.478,-0.000528,-0.001161
20.0,30.0,45.165409,45.193,-0.027591,-0.061051
22.0,30.0,44.935468,44.94,-0.004532,-0.010085
24.0,30.0,44.721951,44.719,0.002951,0.006599
2.0,31.0,49.172955,49.195,-0.022045,-0.044811
4.0,31.0,48.548829,48.5659,-0.017071,-0.03515
6.0,31.0,48.006825,47.9897,0.017125,0.035685
8.0,31.0,47.431972,47.4615,-0.029528,-0.062215
10.0,31.0,46.988514,46.9794,0.009114,0.0194
12.0,31.0,46.627178,46.5413,0.085878,0.18452
14.0,31.0,46.167295,46.1451,0.022195,0.048098
16.0,31.0,45.789535,45.787,0.002535,0.005537
18.0,31.0,45.461048,45.4669,-0.005852,-0.012871
20.0,31.0,45.165409,45.1817,-0.016291,-0.036057
22.0,31.0,44.919044,44.9286,-0.009556,-0.021269
24.0,31.0,44.705527,44.7074,-0.001873,-0.004189
2.0,32.0,49.15653,49.185,-0.02847,-0.057884
4.0,32.0,48.548829,48.5558,-0.006971,-0.014357
6.0,32.0,47.9904,47.9794,0.011,0.022927
8.0,32.0,47.415547,47.451,-0.035453,-0.074715
10.0,32.0,46.972089,46.9688,0.003289,0.007003
12.0,32.0,46.610753,46.5306,0.080153,0.172259
14.0,32.0,46.167295,46.1342,0.033095,0.071736
16.0,32.0,45.773111,45.776,-0.002889,-0.006311
18.0,32.0,45.444623,45.4558,-0.011177,-0.024589
20.0,32.0,45.148985,45.1704,-0.021415,-0.047409
22.0,32.0,44.902619,44.9172,-0.014581,-0.032462
24.0,32.0,44.689102,44.6958,-0.006698,-0.014986
2.0,33.0,49.15653,49.175,-0.01847,-0.03756
4.0,33.0,48.532404,48.5457,-0.013296,-0.027389
6.0,33.0,47.9904,47.9691,0.0213,0.044404
8.0,33.0,47.415547,47.4405,-0.024953,-0.052599
10.0,33.0,46.972089,46.9582,0.013889,0.029577
12.0,33.0,46.610753,46.5199,0.090853,0.195299
14.0,33.0,46.150871,46.1233,0.027571,0.059777
16.0,33.0,45.773111,45.765,0.008111,0.017723
18.0,33.0,45.444623,45.4447,-7.7e-05,-0.000169
20.0,33.0,45.148985,45.1591,-0.010115,-0.022399
22.0,33.0,44.902619,44.9058,-0.003181,-0.007084
24.0,33.0,44.689102,44.6842,0.004902,0.01097
2.0,34.0,49.140106,49.165,-0.024894,-0.050634
4.0,34.0,48.532404,48.5356,-0.003196,-0.006585
6.0,34.0,47.973976,47.9588,0.015176,0.031644
8.0,34.0,47.399123,47.43,-0.030877,-0.0651
10.0,34.0,46.955665,46.9476,0.008065,0.017179
12.0,34.0,46.610753,46.5092,0.101553,0.21835
14.0,34.0,46.150871,46.1124,0.038471,0.083429
16.0,34.0,45.756686,45.754,0.002686,0.005871
18.0,34.0,45.444623,45.4336,0.011023,0.024262
20.0,34.0,45.13256,45.1478,-0.01524,-0.033756
22.0,34.0,44.886195,44.8944,-0.008205,-0.018276
24.0,34.0,44.672678,44.6726,7.8e-05,0.000175
2.0,35.0,49.123682,49.155,-0.031318,-0.063713
4.0,35.0,48.532404,48.5255,0.006904,0.014228
6.0,35.0,47.973976,47.9485,0.025476,0.053132
8.0,35.0,47.382699,47.4195,-0.036801,-0.077607
10.0,35.0,46.955665,46.937,0.018665,0.039766
12.0,35.0,46.594329,46.4985,0.095829,0.206091
14.0,35.0,46.134447,46.1015,0.032947,0.071466
16.0,35.0,45.740262,45.743,-0.002738,-0.005986
18.0,35.0,45.428199,45.4225,0.005699,0.012547
20.0,35.0,45.116136,45.1365,-0.020364,-0.045116
22.0,35.0,44.86977,44.883,-0.01323,-0.029477
24.0,35.0,44.656254,44.661,-0.004746,-0.010627
2.0,36.0,49.123682,49.145,-0.021318,-0.043378
4.0,36.0,48.51598,48.5154,0.00058,0.001195
6.0,36.0,47.957552,47.9382,0.019352,0.040369
8.0,36.0,47.382699,47.409,-0.026301,-0.055477
10.0,36.0,46.955665,46.9264,0.029265,0.062364
12.0,36.0,46.594329,46.4878,0.106529,0.229155
14.0,36.0,46.134447,46.0906,0.043847,0.095132
16.0,36.0,45.740262,45.732,0.008262,0.018066
18.0,36.0,45.411775,45.4114,0.000375,0.000826
20.0,36.0,45.099712,45.1252,-0.025488,-0.056483
22.0,36.0,44.86977,44.8716,-0.00183,-0.004078
24.0,36.0,44.656254,44.6494,0.006854,0.015351
2.0,37.0,49.107257,49.135,-0.027743,-0.056463
4.0,37.0,48.51598,48.5053,0.01068,0.022018
6.0,37.0,47.941127,47.9279,0.013227,0.027598
8.0,37.0,47.382699,47.3985,-0.015801,-0.033336
10.0,37.0,46.939241,46.9158,0.023441,0.049964
12.0,37.0,46.577905,46.4771,0.100805,0.216892
14.0,37.0,46.118022,46.0797,0.038322,0.083165
16.0,37.0,45.723838,45.721,0.002838,0.006207
18.0,37.0,45.411775,45.4003,0.011475,0.025275
20.0,37.0,45.099712,45.1139,-0.014188,-0.031449
22.0,37.0,44.853346,44.8602,-0.006854,-0.015279
24.0,37.0,44.639829,44.6378,0.002029,0.004545
2.0,38.0,49.107257,49.125,-0.017743,-0.036118
4.0,38.0,48.499556,48.4952,0.004356,0.008982
6.0,38.0,47.941127,47.9176,0.023527,0.049099
8.0,38.0,47.366274,47.388,-0.021726,-0.045847
10.0,38.0,46.922816,46.9052,0.017616,0.037557
12.0,38.0,46.56148,46.4664,0.09508,0.204621
14.0,38.0,46.118022,46.0688,0.049222,0.106845
16.0,38.0,45.723838,45.71,0.013838,0.030273
18.0,38.0,45.39535,45.3892,0.00615,0.013549
20.0,38.0,45.083287,45.1026,-0.019313,-0.04282
22.0,38.0,44.836922,44.8488,-0.011878,-0.026485
24.0,38.0,44.623405,44.6262,-0.002795,-0.006263
2.0,39.0,49.107257,49.115,-0.007743,-0.015765
4.0,39.0,48.499556,48.4851,0.014456,0.029815
6.0,39.0,47.924703,47.9073,0.017403,0.036326
8.0,39.0,47.366274,47.3775,-0.011226,-0.023695
10.0,39.0,46.922816,46.8946,0.028216,0.060169
12.0,39.0,46.56148,46.4557,0.10578,0.227701
14.0,39.0,46.101598,46.0579,0.043698,0.094876
16.0,39.0,45.707413,45.699,0.008413,0.01841
18.0,39.0,45.378926,45.3781,0.000826,0.00182
20.0,39.0,45.083287,45.0913,-0.008013,-0.017771
22.0,39.0,44.836922,44.8374,-0.000478,-0.001066
24.0,39.0,44.623405,44.6146,0.008805,0.019736
2.0,40.0,49.090833,49.105,-0.014167,-0.02885
4.0,40.0,48.483131,48.475,0.008131,0.016774
6.0,40.0,47.924703,47.897,0.027703,0.057839
8.0,40.0,47.34985,47.367,-0.01715,-0.036207
10.0,40.0,46.906392,46.884,0.022392,0.04776
12.0,40.0,46.545056,46.445,0.100056,0.215429
14.0,40.0,46.101598,46.047,0.054598,0.11857
16.0,40.0,45.707413,45.688,0.019413,0.04249
18.0,40.0,45.378926,45.367,0.011926,0.026288
20.0,40.0,45.066863,45.08,-0.013137,-0.029142
22.0,40.0,44.820497,44.826,-0.005503,-0.012276
24.0,40.0,44.606981,44.603,0.003981,0.008925
2.0,41.0,49.074409,49.095,-0.020591,-0.041941
4.0,41.0,48.466707,48.4649,0.001807,0.003728
6.0,41.0,47.908278,47.8867,0.021578,0.045061
8.0,41.0,47.34985,47.3567,-0.00685,-0.014465
10.0,41.0,46.906392,46.8731,0.033292,0.071026
12.0,41.0,46.545056,46.4344,0.110656,0.238306
14.0,41.0,46.085174,46.0362,0.048974,0.106381
16.0,41.0,45.690989,45.6771,0.013889,0.030407
18.0,41.0,45.362501,45.3559,0.006601,0.014554
20.0,41.0,45.050438,45.0688,-0.018362,-0.040742
22.0,41.0,44.804073,44.8146,-0.010527,-0.02349
24.0,41.0,44.590556,44.5915,-0.000944,-0.002117
2.0,42.0,49.074409,49.085,-0.010591,-0.021577
4.0,42.0,48.466707,48.4548,0.011907,0.024573
6.0,42.0,47.908278,47.8764,0.031878,0.066584
8.0,42.0,47.333426,47.3464,-0.012974,-0.027402
10.0,42.0,46.889968,46.8622,0.027768,0.059255
12.0,42.0,46.528632,46.4238,0.104832,0.225815
14.0,42.0,46.085174,46.0254,0.059774,0.129872
16.0,42.0,45.690989,45.6662,0.024789,0.054283
18.0,42.0,45.346077,45.3448,0.001277,0.002816
20.0,42.0,45.050438,45.0576,-0.007162,-0.015895
22.0,42.0,44.804073,44.8032,0.000873,0.001949
24.0,42.0,44.590556,44.58,0.010556,0.023679
2.0,43.0,49.057984,49.075,-0.017016,-0.034673
4.0,43.0,48.450283,48.4447,0.005583,0.011524
6.0,43.0,47.908278,47.8661,0.042178,0.088117
8.0,43.0,47.333426,47.3361,-0.002674,-0.005649
10.0,43.0,46.889968,46.8513,0.038668,0.082533
12.0,43.0,46.512207,46.4132,0.099007,0.213316
14.0,43.0,46.068749,46.0146,0.054149,0.117678
16.0,43.0,45.674564,45.6553,0.019264,0.042194
18.0,43.0,45.346077,45.3337,0.012377,0.027302
20.0,43.0,45.034014,45.0464,-0.012386,-0.027496
22.0,43.0,44.787649,44.7918,-0.004151,-0.009267
24.0,43.0,44.574132,44.5685,0.005632,0.012637
2.0,44.0,49.057984,49.065,-0.007016,-0.014299
4.0,44.0,48.433858,48.4346,-0.000742,-0.001532
6.0,44.0,47.891854,47.8558,0.036054,0.075339
8.0,44.0,47.317001,47.3258,-0.008799,-0.018592
10.0,44.0,46.873543,46.8404,0.033143,0.070757
12.0,44.0,46.512207,46.4026,0.109607,0.236209
14.0,44.0,46.068749,46.0038,0.064949,0.141182
16.0,44.0,45.65814,45.6444,0.01374,0.030102
18.0,44.0,45.329653,45.3226,0.007053,0.015562
20.0,44.0,45.01759,45.0352,-0.01761,-0.039103
22.0,44.0,44.787649,44.7804,0.007249,0.016188
24.0,44.0,44.557707,44.557,0.000707,0.001587
2.0,45.0,49.04156,49.055,-0.01344,-0.027398
4.0,45.0,48.433858,48.4245,0.009358,0.019325
6.0,45.0,47.891854,47.8455,0.046354,0.096883
8.0,45.0,47.317001,47.3155,0.001501,0.003172
10.0,45.0,46.873543,46.8295,0.044043,0.09405
12.0,45.0,46.512207,46.392,0.120207,0.259111
14.0,45.0,46.052325,45.993,0.059325,0.128987
16.0,45.0,45.65814,45.6335,0.02464,0.053995
18.0,45.0,45.329653,45.3115,0.018153,0.040063
20.0,45.0,45.01759,45.024,-0.00641,-0.014237
22.0,45.0,44.771224,44.769,0.002224,0.004968
24.0,45.0,44.557707,44.5455,0.012207,0.027403
2.0,46.0,49.04156,49.045,-0.00344,-0.007014
4.0,46.0,48.417434,48.4144,0.003034,0.006267
6.0,46.0,47.87543,47.8352,0.04023,0.084101
8.0,46.0,47.300577,47.3052,-0.004623,-0.009773
10.0,46.0,46.857119,46.8186,0.038519,0.082273
12.0,46.0,46.495783,46.3814,0.114383,0.246614
14.0,46.0,46.035901,45.9822,0.053701,0.116786
16.0,46.0,45.641716,45.6226,0.019116,0.0419
18.0,46.0,45.313228,45.3004,0.012828,0.028318
20.0,46.0,45.001165,45.0128,-0.011635,-0.025848
22.0,46.0,44.771224,44.7576,0.013624,0.03044
24.0,46.0,44.541283,44.534,0.007283,0.016354
2.0,47.0,49.025135,49.035,-0.009865,-0.020118
4.0,47.0,48.417434,48.4043,0.013134,0.027134
6.0,47.0,47.859005,47.8249,0.034105,0.071312
8.0,47.0,47.284152,47.2949,-0.010748,-0.022725
10.0,47.0,46.857119,46.8077,0.049419,0.105579
12.0,47.0,46.495783,46.3708,0.124983,0.26953
14.0,47.0,46.035901,45.9714,0.064501,0.140307
16.0,47.0,45.625291,45.6117,0.013591,0.029797
18.0,47.0,45.313228,45.2893,0.023928,0.052834
20.0,47.0,44.984741,45.0016,-0.016859,-0.037463
22.0,47.0,44.7548,44.7462,0.0086,0.01922
24.0,47.0,44.541283,44.5225,0.018783,0.042188
2.0,48.0,49.025135,49.025,0.000135,0.000275
4.0,48.0,48.417434,48.3942,0.023234,0.04801
6.0,48.0,47.859005,47.8146,0.044405,0.092869
8.0,48.0,47.284152,47.2846,-0.000448,-0.000947
10.0,48.0,46.857119,46.7968,0.060319,0.128896
12.0,48.0,46.479358,46.3602,0.119158,0.257027
14.0,48.0,46.019476,45.9606,0.058876,0.128101
16.0,48.0,45.625291,45.6008,0.024491,0.053707
18.0,48.0,45.296804,45.2782,0.018604,0.041088
20.0,48.0,44.984741,44.9904,-0.005659,-0.012578
22.0,48.0,44.738375,44.7348,0.003575,0.007992
24.0,48.0,44.524859,44.511,0.013859,0.031136
2.0,49.0,49.008711,49.015,-0.006289,-0.012831
4.0,49.0,48.401009,48.3841,0.016909,0.034947
6.0,49.0,47.859005,47.8043,0.054705,0.114435
8.0,49.0,47.284152,47.2743,0.009852,0.02084
10.0,49.0,46.840695,46.7859,0.054795,0.117119
12.0,49.0,46.479358,46.3496,0.129758,0.279955
14.0,49.0,46.019476,45.9498,0.069676,0.151635
16.0,49.0,45.608867,45.5899,0.018967,0.041604
18.0,49.0,45.28038,45.2671,0.01328,0.029337
20.0,49.0,44.968317,44.9792,-0.010883,-0.024196
22.0,49.0,44.721951,44.7234,-0.001449,-0.00324
24.0,49.0,44.508434,44.4995,0.008934,0.020077
2.0,50.0,48.992287,49.005,-0.012713,-0.025942
4.0,50.0,48.401009,48.374,0.027009,0.055834
6.0,50.0,47.842581,47.794,0.048581,0.101647
8.0,50.0,47.267728,47.264,0.003728,0.007888
10.0,50.0,46.82427,46.775,0.04927,0.105334
12.0,50.0,46.462934,46.339,0.123934,0.267451
14.0,50.0,46.003052,45.939,0.064052,0.139428
16.0,50.0,45.592443,45.579,0.013443,0.029494
18.0,50.0,45.263955,45.256,0.007955,0.017578
20.0,50.0,44.951892,44.968,-0.016108,-0.035821
22.0,50.0,44.721951,44.712,0.009951,0.022256
24.0,50.0,44.49201,44.488,0.00401,0.009014
2.0,51.0,48.992287,48.995,-0.002713,-0.005537
4.0,51.0,48.384585,48.3639,0.020685,0.04277
6.0,51.0,47.842581,47.7838,0.058781,0.123014
8.0,51.0,47.267728,47.2536,0.014128,0.029898
10.0,51.0,46.82427,46.765,0.05927,0.12674
12.0,51.0,46.462934,46.3274,0.135534,0.292557
14.0,51.0,46.003052,45.9283,0.074752,0.162758
16.0,51.0,45.592443,45.5682,0.024243,0.053202
18.0,51.0,45.263955,45.245,0.018955,0.041894
20.0,51.0,44.951892,44.9569,-0.005008,-0.01114
22.0,51.0,44.705527,44.7008,0.004727,0.010575
24.0,51.0,44.49201,44.4766,0.01541,0.034647
2.0,52.0,48.975862,48.985,-0.009138,-0.018655
4.0,52.0,48.384585,48.3538,0.030785,0.063666
6.0,52.0,47.826157,47.7736,0.052557,0.110013
8.0,52.0,47.251304,47.2432,0.008104,0.017154
10.0,52.0,46.807846,46.755,0.052846,0.113027
12.0,52.0,46.44651,46.3158,0.13071,0.282215
14.0,52.0,45.986627,45.9176,0.069027,0.150328
16.0,52.0,45.592443,45.5574,0.035043,0.076921
18.0,52.0,45.247531,45.234,0.013531,0.029913
20.0,52.0,44.935468,44.9458,-0.010332,-0.022988
22.0,52.0,44.689102,44.6896,-0.000498,-0.001114
24.0,52.0,44.475586,44.4652,0.010386,0.023358
2.0,53.0,48.975862,48.975,0.000862,0.00176
4.0,53.0,48.368161,48.3437,0.024461,0.050598
6.0,53.0,47.809732,47.7634,0.046332,0.097003
8.0,53.0,47.251304,47.2328,0.018504,0.039176
10.0,53.0,46.807846,46.745,0.062846,0.134444
12.0,53.0,46.430085,46.3042,0.125885,0.271865
14.0,53.0,45.970203,45.9069,0.063303,0.137894
16.0,53.0,45.576018,45.5466,0.029418,0.064589
18.0,53.0,45.247531,45.223,0.024531,0.054245
20.0,53.0,44.935468,44.9347,0.000768,0.001709
22.0,53.0,44.689102,44.6784,0.010702,0.023953
24.0,53.0,44.459161,44.4538,0.005361,0.01206
2.0,54.0,48.959438,48.965,-0.005562,-0.011359
4.0,54.0,48.368161,48.3336,0.034561,0.071505
6.0,54.0,47.809732,47.7532,0.056532,0.118384
8.0,54.0,47.234879,47.2224,0.012479,0.026426
10.0,54.0,46.791421,46.735,0.056421,0.120725
12.0,54.0,46.430085,46.2926,0.137485,0.296991
14.0,54.0,45.970203,45.8962,0.074003,0.16124
16.0,54.0,45.576018,45.5358,0.040218,0.088322
18.0,54.0,45.231107,45.212,0.019107,0.042261
20.0,54.0,44.919044,44.9236,-0.004556,-0.010142
22.0,54.0,44.672678,44.6672,0.005478,0.012264
24.0,54.0,44.459161,44.4424,0.016761,0.037714
2.0,55.0,48.943014,48.955,-0.011986,-0.024484
4.0,55.0,48.351736,48.3235,0.028236,0.058431
6.0,55.0,47.793308,47.743,0.050308,0.105373
8.0,55.0,47.234879,47.212,0.022879,0.04846
10.0,55.0,46.791421,46.725,0.066421,0.142153
12.0,55.0,46.413661,46.281,0.132661,0.286642
14.0,55.0,45.953779,45.8855,0.068279,0.148803
16.0,55.0,45.559594,45.525,0.034594,0.075989
18.0,55.0,45.214682,45.201,0.013682,0.030269
20.0,55.0,44.919044,44.9125,0.006544,0.014571
22.0,55.0,44.656254,44.656,0.000254,0.000569
24.0,55.0,44.442737,44.431,0.011737,0.026416
2.0,56.0,48.943014,48.945,-0.001986,-0.004058
4.0,56.0,48.335312,48.3134,0.021912,0.045354
6.0,56.0,47.793308,47.7328,0.060508,0.126764
8.0,56.0,47.218455,47.2016,0.016855,0.035709
10.0,56.0,46.774997,46.715,0.059997,0.128432
12.0,56.0,46.413661,46.2694,0.144261,0.311785
14.0,56.0,45.953779,45.8748,0.078979,0.172162
16.0,56.0,45.54317,45.5142,0.02897,0.06365
18.0,56.0,45.214682,45.19,0.024682,0.054618
20.0,56.0,44.902619,44.9014,0.001219,0.002715
22.0,56.0,44.656254,44.6448,0.011454,0.025656
24.0,56.0,44.426313,44.4196,0.006713,0.015113
2.0,57.0,48.943014,48.935,0.008014,0.016377
4.0,57.0,48.335312,48.3033,0.032012,0.066273
6.0,57.0,47.776884,47.7226,0.054284,0.113749
8.0,57.0,47.218455,47.1912,0.027255,0.057754
10.0,57.0,46.774997,46.705,0.069997,0.14987
12.0,57.0,46.397237,46.2578,0.139437,0.301435
14.0,57.0,45.953779,45.8641,0.089679,0.195532
16.0,57.0,45.54317,45.5034,0.03977,0.0874
18.0,57.0,45.198258,45.179,0.019258,0.042626
20.0,57.0,44.886195,44.8903,-0.004105,-0.009145
22.0,57.0,44.656254,44.6336,0.022654,0.050755
24.0,57.0,44.426313,44.4082,0.018113,0.040788
2.0,58.0,48.926589,48.925,0.001589,0.003248
4.0,58.0,48.318888,48.2932,0.025688,0.053192
6.0,58.0,47.776884,47.7124,0.064484,0.135151
8.0,58.0,47.202031,47.1808,0.021231,0.044999
10.0,58.0,46.758573,46.695,0.063573,0.136145
12.0,58.0,46.397237,46.2462,0.151037,0.326593
14.0,58.0,45.937354,45.8534,0.083954,0.183092
16.0,58.0,45.526745,45.4926,0.034145,0.075056
18.0,58.0,45.198258,45.168,0.030258,0.06699
20.0,58.0,44.886195,44.8792,0.006995,0.015586
22.0,58.0,44.639829,44.6224,0.017429,0.039059
24.0,58.0,44.409888,44.3968,0.013088,0.02948
2.0,59.0,48.910165,48.915,-0.004835,-0.009884
4.0,59.0,48.302463,48.2831,0.019363,0.040103
6.0,59.0,47.760459,47.7022,0.058259,0.122131
8.0,59.0,47.202031,47.1704,0.031631,0.067057
10.0,59.0,46.742148,46.685,0.057148,0.122412
12.0,59.0,46.380812,46.2346,0.146212,0.316239
14.0,59.0,45.92093,45.8427,0.07823,0.170649
16.0,59.0,45.526745,45.4818,0.044945,0.09882
18.0,59.0,45.181833,45.157,0.024833,0.054993
20.0,59.0,44.86977,44.8681,0.00167,0.003722
22.0,59.0,44.623405,44.6112,0.012205,0.027359
24.0,59.0,44.409888,44.3854,0.024488,0.055171
2.0,60.0,48.910165,48.905,0.005165,0.010561
4.0,60.0,48.302463,48.273,0.029463,0.061034
6.0,60.0,47.760459,47.692,0.068459,0.143544
8.0,60.0,47.185606,47.16,0.025606,0.054296
10.0,60.0,46.742148,46.675,0.067148,0.143863
12.0,60.0,46.364388,46.223,0.141388,0.305882
14.0,60.0,45.92093,45.832,0.08893,0.194035
16.0,60.0,45.510321,45.471,0.039321,0.086475
18.0,60.0,45.181833,45.146,0.035833,0.079371
20.0,60.0,44.86977,44.857,0.01277,0.028468
22.0,60.0,44.606981,44.6,0.006981,0.015652
24.0,60.0,44.393464,44.374,0.019464,0.043864
2.0,61.0,48.893741,48.895,-0.001259,-0.002575
4.0,61.0,48.302463,48.2629,0.039563,0.081974
6.0,61.0,47.760459,47.6818,0.078659,0.164967
8.0,61.0,47.185606,47.1498,0.035806,0.075941
10.0,61.0,46.742148,46.6646,0.077548,0.166182
12.0,61.0,46.364388,46.2135,0.150888,0.326502
14.0,61.0,45.904506,45.8214,0.083106,0.181369
16.0,61.0,45.493896,45.4602,0.033696,0.074122
18.0,61.0,45.165409,45.1351,0.030309,0.067152
20.0,61.0,44.853346,44.8459,0.007446,0.016604
22.0,61.0,44.606981,44.5888,0.018181,0.040775
24.0,61.0,44.377039,44.3627,0.014339,0.032322
2.0,62.0,48.893741,48.885,0.008741,0.017881
4.0,62.0,48.286039,48.2528,0.033239,0.068885
6.0,62.0,47.744035,47.6716,0.072435,0.151946
8.0,62.0,47.169182,47.1396,0.029582,0.062754
10.0,62.0,46.725724,46.6542,0.071524,0.153307
12.0,62.0,46.347964,46.204,0.143964,0.311583
14.0,62.0,45.888081,45.8108,0.077281,0.168696
16.0,62.0,45.477472,45.4494,0.028072,0.061765
18.0,62.0,45.148985,45.1242,0.024785,0.054926
20.0,62.0,44.836922,44.8348,0.002122,0.004733
22.0,62.0,44.590556,44.5776,0.012956,0.029064
24.0,62.0,44.377039,44.3514,0.025639,0.057809
2.0,63.0,48.877316,48.875,0.002316,0.004739
4.0,63.0,48.286039,48.2427,0.043339,0.089835
6.0,63.0,47.744035,47.6614,0.082635,0.173379
8.0,63.0,47.169182,47.1294,0.039782,0.08441
10.0,63.0,46.725724,46.6438,0.081924,0.175637
12.0,63.0,46.347964,46.1945,0.153464,0.332213
14.0,63.0,45.888081,45.8002,0.087881,0.191879
16.0,63.0,45.477472,45.4386,0.038872,0.085548
18.0,63.0,45.148985,45.1133,0.035685,0.079101
20.0,63.0,44.820497,44.8237,-0.003203,-0.007146
22.0,63.0,44.574132,44.5664,0.007732,0.017349
24.0,63.0,44.360615,44.3401,0.020515,0.046267
2.0,64.0,48.877316,48.865,0.012316,0.025204
4.0,64.0,48.269615,48.2326,0.037015,0.076743
6.0,64.0,47.72761,47.6512,0.07641,0.160353
8.0,64.0,47.152758,47.1192,0.033558,0.071219
10.0,64.0,46.7093,46.6334,0.0759,0.162759
12.0,64.0,46.331539,46.185,0.146539,0.317287
14.0,64.0,45.871657,45.7896,0.082057,0.179204
16.0,64.0,45.461048,45.4278,0.033248,0.073189
18.0,64.0,45.13256,45.1024,0.03016,0.06687
20.0,64.0,44.820497,44.8126,0.007897,0.017622
22.0,64.0,44.557707,44.5552,0.002507,0.005627
24.0,64.0,44.344191,44.3288,0.015391,0.03472
2.0,65.0,48.860892,48.855,0.005892,0.01206
4.0,65.0,48.269615,48.2225,0.047115,0.097703
6.0,65.0,47.711186,47.641,0.070186,0.147323
8.0,65.0,47.152758,47.109,0.043758,0.092887
10.0,65.0,46.7093,46.623,0.0863,0.185102
12.0,65.0,46.331539,46.1755,0.156039,0.337926
14.0,65.0,45.871657,45.779,0.092657,0.202401
16.0,65.0,45.461048,45.417,0.044048,0.096986
18.0,65.0,45.116136,45.0915,0.024636,0.054636
20.0,65.0,44.804073,44.8015,0.002573,0.005743
22.0,65.0,44.557707,44.544,0.013707,0.030772
24.0,65.0,44.327766,44.3175,0.010266,0.023165
2.0,66.0,48.860892,48.845,0.015892,0.032536
4.0,66.0,48.25319,48.2124,0.04079,0.084605
6.0,66.0,47.711186,47.6308,0.080386,0.168769
8.0,66.0,47.136333,47.0988,0.037533,0.07969
10.0,66.0,46.692875,46.6126,0.080275,0.172217
12.0,66.0,46.315115,46.166,0.149115,0.322997
14.0,66.0,45.855232,45.7684,0.086832,0.18972
16.0,66.0,45.461048,45.4062,0.054848,0.120794
18.0,66.0,45.116136,45.0806,0.035536,0.078828
20.0,66.0,44.804073,44.7904,0.013673,0.030527
22.0,66.0,44.557707,44.5328,0.024907,0.05593
24.0,66.0,44.327766,44.3062,0.021566,0.048675
2.0,67.0,48.844467,48.835,0.009467,0.019386
4.0,67.0,48.25319,48.2023,0.05089,0.105576
6.0,67.0,47.694762,47.6206,0.074162,0.155735
8.0,67.0,47.136333,47.0886,0.047733,0.101368
10.0,67.0,46.692875,46.6022,0.090675,0.194572
12.0,67.0,46.315115,46.1565,0.158615,0.343646
14.0,67.0,45.855232,45.7578,0.097432,0.21293
16.0,67.0,45.444623,45.3954,0.049223,0.108432
18.0,67.0,45.099712,45.0697,0.030012,0.06659
20.0,67.0,44.787649,44.7793,0.008349,0.018645
22.0,67.0,44.541283,44.5216,0.019683,0.04421
24.0,67.0,44.311342,44.2949,0.016442,0.037119
2.0,68.0,48.828043,48.825,0.003043,0.006232
4.0,68.0,48.236766,48.1922,0.044566,0.092476
6.0,68.0,47.694762,47.6104,0.084362,0.177192
8.0,68.0,47.119909,47.0784,0.041509,0.08817
10.0,68.0,46.676451,46.5918,0.084651,0.181686
12.0,68.0,46.29869,46.147,0.15169,0.32871
14.0,68.0,45.838808,45.7472,0.091608,0.200248
16.0,68.0,45.428199,45.3846,0.043599,0.096066
18.0,68.0,45.083287,45.0588,0.024487,0.054345
20.0,68.0,44.771224,44.7682,0.003024,0.006755
22.0,68.0,44.524859,44.5104,0.014459,0.032485
24.0,68.0,44.294918,44.2836,0.011318,0.025558
2.0,69.0,48.828043,48.815,0.013043,0.026719
4.0,69.0,48.236766,48.1821,0.054666,0.113457
6.0,69.0,47.678337,47.6002,0.078137,0.164153
8.0,69.0,47.119909,47.0682,0.051709,0.10986
10.0,69.0,46.676451,46.5814,0.095051,0.204054
12.0,69.0,46.29869,46.1375,0.16119,0.349369
14.0,69.0,45.838808,45.7366,0.102208,0.223471
16.0,69.0,45.428199,45.3738,0.054399,0.119891
18.0,69.0,45.083287,45.0479,0.035387,0.078554
20.0,69.0,44.771224,44.7571,0.014124,0.031557
22.0,69.0,44.524859,44.4992,0.025659,0.057662
24.0,69.0,44.294918,44.2723,0.022618,0.051088
2.0,70.0,48.811619,48.805,0.006619,0.013562
4.0,70.0,48.220341,48.172,0.048341,0.100351
6.0,70.0,47.678337,47.59,0.088337,0.185621
8.0,70.0,47.103484,47.058,0.045484,0.096655
10.0,70.0,46.660027,46.571,0.089027,0.191164
12.0,70.0,46.282266,46.128,0.154266,0.33443
14.0,70.0,45.822384,45.726,0.096384,0.210786
16.0,70.0,45.411775,45.363,0.048775,0.107522
18.0,70.0,45.066863,45.037,0.029863,0.066308
20.0,70.0,44.7548,44.746,0.0088,0.019667
22.0,70.0,44.508434,44.488,0.020434,0.045931
24.0,70.0,44.278493,44.261,0.017493,0.039522
2.0,71.0,48.811619,48.795,0.016619,0.034059
4.0,71.0,48.203917,48.1619,0.042017,0.087241
6.0,71.0,47.661913,47.5799,0.082013,0.172369
8.0,71.0,47.103484,47.0477,0.055784,0.118569
10.0,71.0,46.643602,46.5607,0.082902,0.178051
12.0,71.0,46.265842,46.1176,0.148242,0.321443
14.0,71.0,45.822384,45.7155,0.106884,0.233803
16.0,71.0,45.411775,45.3523,0.059475,0.13114
18.0,71.0,45.066863,45.0262,0.040663,0.09031
20.0,71.0,44.738375,44.7351,0.003275,0.007321
22.0,71.0,44.49201,44.4769,0.01511,0.033973
24.0,71.0,44.278493,44.2498,0.028693,0.064843
2.0,72.0,48.795194,48.785,0.010194,0.020896
4.0,72.0,48.203917,48.1518,0.052117,0.108235
6.0,72.0,47.661913,47.5698,0.092113,0.193638
8.0,72.0,47.103484,47.0374,0.066084,0.140492
10.0,72.0,46.643602,46.5504,0.093202,0.200217
12.0,72.0,46.265842,46.1072,0.158642,0.344072
14.0,72.0,45.805959,45.705,0.100959,0.220893
16.0,72.0,45.39535,45.3416,0.05375,0.118545
18.0,72.0,45.050438,45.0154,0.035038,0.077836
20.0,72.0,44.738375,44.7242,0.014175,0.031694
22.0,72.0,44.475586,44.4658,0.009786,0.022008
24.0,72.0,44.262069,44.2386,0.023469,0.053051
2.0,73.0,48.795194,48.775,0.020194,0.041402
4.0,73.0,48.187493,48.1417,0.045793,0.095121
6.0,73.0,47.645489,47.5597,0.085789,0.180382
8.0,73.0,47.08706,47.0271,0.05996,0.127501
10.0,73.0,46.627178,46.5401,0.087078,0.187103
12.0,73.0,46.249417,46.0968,0.152617,0.331079
14.0,73.0,45.805959,45.6945,0.111459,0.243922
16.0,73.0,45.39535,45.3309,0.06445,0.142177
18.0,73.0,45.050438,45.0046,0.045838,0.101852
20.0,73.0,44.721951,44.7133,0.008651,0.019348
22.0,73.0,44.475586,44.4547,0.020886,0.046983
24.0,73.0,44.245644,44.2274,0.018244,0.04125
2.0,74.0,48.77877,48.765,0.01377,0.028237
4.0,74.0,48.171068,48.1316,0.039468,0.082
6.0,74.0,47.629064,47.5496,0.079464,0.167118
8.0,74.0,47.070636,47.0168,0.053836,0.114504
10.0,74.0,46.627178,46.5298,0.097378,0.209281
12.0,74.0,46.232993,46.0864,0.146593,0.318083
14.0,74.0,45.789535,45.684,0.105535,0.231011
16.0,74.0,45.378926,45.3202,0.058726,0.12958
18.0,74.0,45.034014,44.9938,0.040214,0.089377
20.0,74.0,44.705527,44.7024,0.003127,0.006995
22.0,74.0,44.459161,44.4436,0.015561,0.035013
24.0,74.0,44.245644,44.2162,0.029444,0.066591
2.0,75.0,48.77877,48.755,0.02377,0.048754
4.0,75.0,48.171068,48.1215,0.049568,0.103006
6.0,75.0,47.629064,47.5395,0.089564,0.188399
8.0,75.0,47.070636,47.0065,0.064136,0.136441
10.0,75.0,46.610753,46.5195,0.091253,0.196161
12.0,75.0,46.232993,46.076,0.156993,0.340726
14.0,75.0,45.773111,45.6735,0.099611,0.218094
16.0,75.0,45.378926,45.3095,0.069426,0.153226
18.0,75.0,45.01759,44.983,0.03459,0.076896
20.0,75.0,44.705527,44.6915,0.014027,0.031386
22.0,75.0,44.459161,44.4325,0.026661,0.060003
24.0,75.0,44.22922,44.205,0.02422,0.05479
2.0,76.0,48.762346,48.745,0.017346,0.035585
4.0,76.0,48.171068,48.1114,0.059668,0.124021
6.0,76.0,47.629064,47.5294,0.099664,0.209689
8.0,76.0,47.054211,46.9962,0.058011,0.123438
10.0,76.0,46.610753,46.5092,0.101553,0.21835
12.0,76.0,46.232993,46.0656,0.167393,0.36338
14.0,76.0,45.773111,45.663,0.110111,0.241138
16.0,76.0,45.362501,45.2988,0.063701,0.140624
18.0,76.0,45.01759,44.9722,0.04539,0.100929
20.0,76.0,44.689102,44.6806,0.008502,0.019028
22.0,76.0,44.442737,44.4214,0.021337,0.048033
24.0,76.0,44.212796,44.1938,0.018996,0.042983
2.0,77.0,48.745921,48.735,0.010921,0.022409
4.0,77.0,48.154644,48.1013,0.053344,0.110899
6.0,77.0,47.61264,47.5193,0.09334,0.196425
8.0,77.0,47.054211,46.9859,0.068311,0.145386
10.0,77.0,46.610753,46.4989,0.111853,0.24055
12.0,77.0,46.216569,46.0552,0.161369,0.350382
14.0,77.0,45.756686,45.6525,0.104186,0.228215
16.0,77.0,45.346077,45.2881,0.057977,0.128018
18.0,77.0,45.001165,44.9614,0.039765,0.088443
20.0,77.0,44.689102,44.6697,0.019402,0.043434
22.0,77.0,44.426313,44.4103,0.016013,0.036057
24.0,77.0,44.212796,44.1826,0.030196,0.068344
2.0,78.0,48.745921,48.725,0.020921,0.042937
4.0,78.0,48.154644,48.0912,0.063444,0.131924
6.0,78.0,47.61264,47.5092,0.10344,0.217726
8.0,78.0,47.037787,46.9756,0.062187,0.132381
10.0,78.0,46.594329,46.4886,0.105729,0.22743
12.0,78.0,46.216569,46.0448,0.171769,0.373048
14.0,78.0,45.756686,45.642,0.114686,0.251273
16.0,78.0,45.346077,45.2774,0.068677,0.151681
18.0,78.0,45.001165,44.9506,0.050565,0.11249
20.0,78.0,44.672678,44.6588,0.013878,0.031076
22.0,78.0,44.426313,44.3992,0.027113,0.061066
24.0,78.0,44.196371,44.1714,0.024971,0.056532
2.0,79.0,48.729497,48.715,0.014497,0.029759
4.0,79.0,48.13822,48.0811,0.05712,0.118799
6.0,79.0,47.596215,47.4991,0.097115,0.204457
8.0,79.0,47.037787,46.9653,0.072487,0.154342
10.0,79.0,46.594329,46.4783,0.116029,0.249641
12.0,79.0,46.200144,46.0344,0.165744,0.360044
14.0,79.0,45.740262,45.6315,0.108762,0.238349
16.0,79.0,45.329653,45.2667,0.062953,0.139071
18.0,79.0,44.984741,44.9398,0.044941,0.100003
20.0,79.0,44.656254,44.6479,0.008354,0.018711
22.0,79.0,44.409888,44.3881,0.021788,0.049085
24.0,79.0,44.179947,44.1602,0.019747,0.044717
2.0,80.0,48.729497,48.705,0.024497,0.050297
4.0,80.0,48.13822,48.071,0.06722,0.139835
6.0,80.0,47.596215,47.489,0.107215,0.225768
8.0,80.0,47.021363,46.955,0.066363,0.141333
10.0,80.0,46.577905,46.468,0.109905,0.236518
12.0,80.0,46.200144,46.024,0.176144,0.382722
14.0,80.0,45.723838,45.621,0.102838,0.225418
16.0,80.0,45.313228,45.256,0.057228,0.126454
18.0,80.0,44.968317,44.929,0.039317,0.087509
20.0,80.0,44.656254,44.637,0.019254,0.043135
22.0,80.0,44.393464,44.377,0.016464,0.0371
24.0,80.0,44.179947,44.149,0.030947,0.070097
2.0,81.0,48.713072,48.695,0.018072,0.037113
4.0,81.0,48.13822,48.061,0.07722,0.160671
6.0,81.0,47.579791,47.4789,0.100891,0.212496
8.0,81.0,47.021363,46.9449,0.076463,0.162878
10.0,81.0,46.577905,46.458,0.119905,0.258093
12.0,81.0,46.200144,46.0136,0.186544,0.405411
14.0,81.0,45.723838,45.6105,0.113338,0.248491
16.0,81.0,45.313228,45.2454,0.067828,0.149911
18.0,81.0,44.951892,44.9183,0.033592,0.074785
20.0,81.0,44.656254,44.6258,0.030454,0.068243
22.0,81.0,44.393464,44.3661,0.027364,0.061678
24.0,81.0,44.163523,44.1379,0.025623,0.058052
2.0,82.0,48.713072,48.685,0.028072,0.05766
4.0,82.0,48.121795,48.051,0.070795,0.147333
6.0,82.0,47.563367,47.4688,0.094567,0.199219
8.0,82.0,47.004938,46.9348,0.070138,0.149437
10.0,82.0,46.56148,46.448,0.11348,0.244316
12.0,82.0,46.18372,46.0032,0.18052,0.392407
14.0,82.0,45.707413,45.6,0.107413,0.235555
16.0,82.0,45.296804,45.2348,0.062004,0.137071
18.0,82.0,44.951892,44.9076,0.044292,0.098629
20.0,82.0,44.639829,44.6146,0.025229,0.056549
22.0,82.0,44.377039,44.3552,0.021839,0.049237
24.0,82.0,44.147098,44.1268,0.020298,0.045999
2.0,83.0,48.696648,48.675,0.021648,0.044475
4.0,83.0,48.105371,48.041,0.064371,0.133992
6.0,83.0,47.563367,47.4587,0.104667,0.220543
8.0,83.0,47.004938,46.9247,0.080238,0.170993
10.0,83.0,46.545056,46.438,0.107056,0.230535
12.0,83.0,46.167295,45.9928,0.174495,0.379396
14.0,83.0,45.707413,45.5895,0.117913,0.258641
16.0,83.0,45.296804,45.2242,0.072604,0.160542
18.0,83.0,44.935468,44.8969,0.038568,0.085903
20.0,83.0,44.623405,44.6034,0.020005,0.044851
22.0,83.0,44.360615,44.3443,0.016315,0.036792
24.0,83.0,44.147098,44.1157,0.031398,0.071172
2.0,84.0,48.680224,48.665,0.015224,0.031283
4.0,84.0,48.105371,48.031,0.074371,0.15484
6.0,84.0,47.546942,47.4486,0.098342,0.20726
8.0,84.0,46.988514,46.9146,0.073914,0.15755
10.0,84.0,46.545056,46.428,0.117056,0.252124
12.0,84.0,46.167295,45.9824,0.184895,0.402099
14.0,84.0,45.690989,45.579,0.111989,0.245703
16.0,84.0,45.28038,45.2136,0.06678,0.147699
18.0,84.0,44.935468,44.8862,0.049268,0.109762
20.0,84.0,44.606981,44.5922,0.014781,0.033147
22.0,84.0,44.360615,44.3334,0.027215,0.061387
24.0,84.0,44.130674,44.1046,0.026074,0.059119
2.0,85.0,48.680224,48.655,0.025224,0.051843
4.0,85.0,48.088946,48.021,0.067946,0.141492
6.0,85.0,47.546942,47.4385,0.108442,0.228595
8.0,85.0,46.988514,46.9045,0.084014,0.179117
10.0,85.0,46.528632,46.418,0.110632,0.238339
12.0,85.0,46.150871,45.972,0.178871,0.389087
14.0,85.0,45.690989,45.5685,0.122489,0.268802
16.0,85.0,45.28038,45.203,0.07738,0.171183
18.0,85.0,44.919044,44.8755,0.043544,0.097033
20.0,85.0,44.606981,44.581,0.025981,0.058278
22.0,85.0,44.344191,44.3225,0.021691,0.048939
24.0,85.0,44.11425,44.0935,0.02075,0.047059
2.0,86.0,48.663799,48.645,0.018799,0.038645
4.0,86.0,48.072522,48.011,0.061522,0.128141
6.0,86.0,47.530518,47.4284,0.102118,0.21531
8.0,86.0,46.972089,46.8944,0.077689,0.165668
10.0,86.0,46.528632,46.408,0.120632,0.259938
12.0,86.0,46.134447,45.9616,0.172847,0.376068
14.0,86.0,45.674564,45.558,0.116564,0.255858
16.0,86.0,45.263955,45.1924,0.071555,0.158334
18.0,86.0,44.919044,44.8648,0.054244,0.120905
20.0,86.0,44.590556,44.5698,0.020756,0.04657
22.0,86.0,44.327766,44.3116,0.016166,0.036483
24.0,86.0,44.11425,44.0824,0.03185,0.072251
2.0,87.0,48.663799,48.635,0.028799,0.059215
4.0,87.0,48.072522,48.001,0.071522,0.149001
6.0,87.0,47.530518,47.4183,0.112218,0.236655
8.0,87.0,46.972089,46.8843,0.087789,0.187246
10.0,87.0,46.528632,46.398,0.130632,0.281547
12.0,87.0,46.134447,45.9512,0.183247,0.398786
14.0,87.0,45.674564,45.5475,0.127064,0.27897
16.0,87.0,45.263955,45.1818,0.082155,0.181832
18.0,87.0,44.902619,44.8541,0.048519,0.108171
20.0,87.0,44.590556,44.5586,0.031956,0.071717
22.0,87.0,44.327766,44.3007,0.027066,0.061096
24.0,87.0,44.097825,44.0713,0.026525,0.060187
2.0,88.0,48.647375,48.625,0.022375,0.046015
4.0,88.0,48.056098,47.991,0.065098,0.135646
6.0,88.0,47.514094,47.4082,0.105894,0.223366
8.0,88.0,46.972089,46.8742,0.097889,0.208833
10.0,88.0,46.512207,46.388,0.124207,0.267757
12.0,88.0,46.118022,45.9408,0.177222,0.385762
14.0,88.0,45.65814,45.537,0.12114,0.266025
16.0,88.0,45.247531,45.1712,0.076331,0.168982
18.0,88.0,44.886195,44.8434,0.042795,0.095432
20.0,88.0,44.574132,44.5474,0.026732,0.060008
22.0,88.0,44.311342,44.2898,0.021542,0.048639
24.0,88.0,44.081401,44.0602,0.021201,0.048118
2.0,89.0,48.647375,48.615,0.032375,0.066595
4.0,89.0,48.056098,47.981,0.075098,0.156516
6.0,89.0,47.514094,47.3981,0.115994,0.244723
8.0,89.0,46.955665,46.8641,0.091565,0.195384
10.0,89.0,46.495783,46.378,0.117783,0.253963
12.0,89.0,46.118022,45.9304,0.187622,0.408492
14.0,89.0,45.641716,45.5265,0.115216,0.253075
16.0,89.0,45.231107,45.1606,0.070507,0.156125
18.0,89.0,44.86977,44.8327,0.03707,0.082685
20.0,89.0,44.557707,44.5362,0.021507,0.048291
22.0,89.0,44.294918,44.2789,0.016018,0.036175
24.0,89.0,44.064976,44.0491,0.015876,0.036042
2.0,90.0,48.630951,48.605,0.025951,0.053392
4.0,90.0,48.056098,47.971,0.085098,0.177395
6.0,90.0,47.514094,47.388,0.126094,0.266088
8.0,90.0,46.955665,46.854,0.101665,0.216983
10.0,90.0,46.495783,46.368,0.127783,0.275584
12.0,90.0,46.101598,45.92,0.181598,0.395466
14.0,90.0,45.641716,45.516,0.125716,0.276202
16.0,90.0,45.231107,45.15,0.081107,0.179639
18.0,90.0,44.86977,44.822,0.04777,0.106577
20.0,90.0,44.557707,44.525,0.032707,0.073458
22.0,90.0,44.294918,44.268,0.026918,0.060807
24.0,90.0,44.064976,44.038,0.026976,0.061256
2.0,91.0,48.630951,48.5951,0.035851,0.073775
4.0,91.0,48.039673,47.961,0.078673,0.164035
6.0,91.0,47.497669,47.378,0.119669,0.252583
8.0,91.0,46.939241,46.8438,0.095441,0.203743
10.0,91.0,46.479358,46.3575,0.121858,0.262866
12.0,91.0,46.101598,45.9097,0.191898,0.41799
14.0,91.0,45.625291,45.5055,0.119791,0.263245
16.0,91.0,45.214682,45.1395,0.075182,0.166555
18.0,91.0,44.853346,44.8114,0.041946,0.093606
20.0,91.0,44.541283,44.5146,0.026683,0.059942
22.0,91.0,44.278493,44.2571,0.021393,0.048338
24.0,91.0,44.048552,44.027,0.021552,0.048952
2.0,92.0,48.614526,48.5852,0.029326,0.06036
4.0,92.0,48.023249,47.951,0.072249,0.150673
6.0,92.0,47.481245,47.368,0.113245,0.239075
8.0,92.0,46.922816,46.8336,0.089216,0.190496
10.0,92.0,46.479358,46.347,0.132358,0.285581
12.0,92.0,46.085174,45.8994,0.185774,0.404742
14.0,92.0,45.625291,45.495,0.130291,0.286385
16.0,92.0,45.198258,45.129,0.069258,0.153467
18.0,92.0,44.853346,44.8008,0.052546,0.117288
20.0,92.0,44.524859,44.5042,0.020659,0.04642
22.0,92.0,44.262069,44.2462,0.015869,0.035865
24.0,92.0,44.032128,44.016,0.016128,0.036641
2.0,93.0,48.614526,48.5753,0.039226,0.080753
4.0,93.0,48.023249,47.941,0.082249,0.171563
6.0,93.0,47.481245,47.358,0.123245,0.260241
8.0,93.0,46.922816,46.8234,0.099416,0.212321
10.0,93.0,46.462934,46.3365,0.126434,0.27286
12.0,93.0,46.085174,45.8891,0.196074,0.427278
14.0,93.0,45.608867,45.4845,0.124367,0.273427
16.0,93.0,45.198258,45.1185,0.079758,0.176774
18.0,93.0,44.836922,44.7902,0.046722,0.104313
20.0,93.0,44.524859,44.4938,0.031059,0.069805
22.0,93.0,44.262069,44.2353,0.026769,0.060515
24.0,93.0,44.032128,44.005,0.027128,0.061648
2.0,94.0,48.598102,48.5654,0.032702,0.067336
4.0,94.0,48.023249,47.931,0.092249,0.192462
6.0,94.0,47.481245,47.348,0.133245,0.281416
8.0,94.0,46.906392,46.8132,0.093192,0.199072
10.0,94.0,46.462934,46.326,0.136934,0.295588
12.0,94.0,46.068749,45.8788,0.189949,0.414023
14.0,94.0,45.608867,45.474,0.134867,0.29658
16.0,94.0,45.198258,45.108,0.090258,0.200093
18.0,94.0,44.820497,44.7796,0.040897,0.09133
20.0,94.0,44.508434,44.4834,0.025034,0.056277
22.0,94.0,44.245644,44.2244,0.021244,0.048037
24.0,94.0,44.015703,43.994,0.021703,0.049332
2.0,95.0,48.581678,48.5555,0.026178,0.053914
4.0,95.0,48.006825,47.921,0.085825,0.179097
6.0,95.0,47.464821,47.338,0.126821,0.267905
8.0,95.0,46.906392,46.803,0.103392,0.220909
10.0,95.0,46.462934,46.3155,0.147434,0.318325
12.0,95.0,46.052325,45.8685,0.183825,0.400765
14.0,95.0,45.592443,45.4635,0.128943,0.283619
16.0,95.0,45.181833,45.0975,0.084333,0.187001
18.0,95.0,44.820497,44.769,0.051497,0.115028
20.0,95.0,44.49201,44.473,0.01901,0.042745
22.0,95.0,44.22922,44.2135,0.01572,0.035555
24.0,95.0,44.015703,43.983,0.032703,0.074354
2.0,96.0,48.581678,48.5456,0.036078,0.074318
4.0,96.0,48.006825,47.911,0.095825,0.200006
6.0,96.0,47.464821,47.328,0.136821,0.289091
8.0,96.0,46.889968,46.7928,0.097168,0.207656
10.0,96.0,46.44651,46.305,0.14151,0.305604
12.0,96.0,46.052325,45.8582,0.194125,0.423316
14.0,96.0,45.592443,45.453,0.139443,0.306785
16.0,96.0,45.181833,45.087,0.094833,0.210333
18.0,96.0,44.804073,44.7584,0.045673,0.102043
20.0,96.0,44.49201,44.4626,0.02941,0.066145
22.0,96.0,44.22922,44.2026,0.02662,0.060223
24.0,96.0,44.015703,43.972,0.043703,0.099388
2.0,97.0,48.565253,48.5357,0.029553,0.060889
4.0,97.0,47.9904,47.901,0.0894,0.186635
6.0,97.0,47.448396,47.318,0.130396,0.275574
8.0,97.0,46.889968,46.7826,0.107368,0.229504
10.0,97.0,46.430085,46.2945,0.135585,0.292875
12.0,97.0,46.035901,45.8479,0.188001,0.410054
14.0,97.0,45.576018,45.4425,0.133518,0.293817
16.0,97.0,45.165409,45.0765,0.088909,0.19724
18.0,97.0,44.804073,44.7478,0.056273,0.125756
20.0,97.0,44.475586,44.4522,0.023386,0.052609
22.0,97.0,44.212796,44.1917,0.021096,0.047737
24.0,97.0,43.999279,43.961,0.038279,0.087075
2.0,98.0,48.548829,48.5258,0.023029,0.047457
4.0,98.0,47.973976,47.891,0.082976,0.17326
6.0,98.0,47.431972,47.308,0.123972,0.262053
8.0,98.0,46.873543,46.7724,0.101143,0.216245
10.0,98.0,46.430085,46.284,0.146085,0.315627
12.0,98.0,46.035901,45.8376,0.198301,0.432616
14.0,98.0,45.559594,45.432,0.127594,0.280846
16.0,98.0,45.148985,45.066,0.082985,0.184141
18.0,98.0,44.787649,44.7372,0.050449,0.112767
20.0,98.0,44.475586,44.4418,0.033786,0.076023
22.0,98.0,44.196371,44.1808,0.015571,0.035244
24.0,98.0,43.982855,43.95,0.032855,0.074755
2.0,99.0,48.548829,48.5159,0.032929,0.067873
4.0,99.0,47.973976,47.881,0.092976,0.194181
6.0,99.0,47.431972,47.298,0.133972,0.283251
8.0,99.0,46.873543,46.7622,0.111343,0.238105
10.0,99.0,46.413661,46.2735,0.140161,0.302897
12.0,99.0,46.019476,45.8273,0.192176,0.419348
14.0,99.0,45.559594,45.4215,0.138094,0.304028
16.0,99.0,45.148985,45.0555,0.093485,0.207489
18.0,99.0,44.787649,44.7266,0.061049,0.136494
20.0,99.0,44.459161,44.4314,0.027761,0.062481
22.0,99.0,44.196371,44.1699,0.026471,0.05993
24.0,99.0,43.96643,43.939,0.02743,0.062427
2.0,100.0,48.548829,48.506,0.042829,0.088296
4.0,100.0,47.957552,47.871,0.086552,0.180803
6.0,100.0,47.415547,47.288,0.127547,0.269724
8.0,100.0,46.857119,46.752,0.105119,0.224844
10.0,100.0,46.413661,46.263,0.150661,0.325662
12.0,100.0,46.019476,45.817,0.202476,0.441923
14.0,100.0,45.559594,45.411,0.148594,0.32722
16.0,100.0,45.13256,45.045,0.08756,0.194383
18.0,100.0,44.771224,44.716,0.055224,0.123499
20.0,100.0,44.442737,44.421,0.021737,0.048934
22.0,100.0,44.179947,44.159,0.020947,0.047435
24.0,100.0,43.96643,43.928,0.03843,0.087484
2.0,101.0,48.532404,48.496,0.036404,0.075066
4.0,101.0,47.941127,47.8611,0.080027,0.167207
6.0,101.0,47.399123,47.2779,0.121223,0.256405
8.0,101.0,46.857119,46.7429,0.114219,0.244356
10.0,101.0,46.397237,46.2528,0.144437,0.312277
12.0,101.0,46.003052,45.8067,0.196352,0.428653
14.0,101.0,45.54317,45.4007,0.14247,0.313806
16.0,101.0,45.116136,45.0345,0.081636,0.181274
18.0,101.0,44.7548,44.7054,0.0494,0.110501
20.0,101.0,44.426313,44.4103,0.016013,0.036057
22.0,101.0,44.163523,44.1482,0.015323,0.034708
24.0,101.0,43.950006,43.9171,0.032906,0.074928
2.0,102.0,48.532404,48.486,0.046404,0.095706
4.0,102.0,47.941127,47.8512,0.089927,0.187931
6.0,102.0,47.399123,47.2678,0.131323,0.277828
8.0,102.0,46.857119,46.7338,0.123319,0.263875
10.0,102.0,46.397237,46.2426,0.154637,0.334404
12.0,102.0,46.003052,45.7964,0.206652,0.451241
14.0,102.0,45.54317,45.3904,0.15277,0.336569
16.0,102.0,45.116136,45.024,0.092136,0.204638
18.0,102.0,44.7548,44.6948,0.06,0.134244
20.0,102.0,44.426313,44.3996,0.026713,0.060165
22.0,102.0,44.163523,44.1374,0.026123,0.059186
24.0,102.0,43.933581,43.9062,0.027381,0.062362
2.0,103.0,48.51598,48.476,0.03998,0.082474
4.0,103.0,47.941127,47.8413,0.099827,0.208663
6.0,103.0,47.399123,47.2577,0.141423,0.299259
8.0,103.0,46.840695,46.7247,0.115995,0.248252
10.0,103.0,46.380812,46.2324,0.148412,0.321013
12.0,103.0,45.986627,45.7861,0.200527,0.437965
14.0,103.0,45.526745,45.3801,0.146645,0.323148
16.0,103.0,45.099712,45.0135,0.086212,0.191525
18.0,103.0,44.738375,44.6842,0.054175,0.12124
20.0,103.0,44.409888,44.3889,0.020988,0.047282
22.0,103.0,44.147098,44.1266,0.020498,0.046453
24.0,103.0,43.933581,43.8953,0.038281,0.08721
2.0,104.0,48.499556,48.466,0.033556,0.069236
4.0,104.0,47.924703,47.8314,0.093303,0.195066
6.0,104.0,47.382699,47.2476,0.135099,0.285938
8.0,104.0,46.82427,46.7156,0.10867,0.23262
10.0,104.0,46.380812,46.2222,0.158612,0.343151
12.0,104.0,45.970203,45.7758,0.194403,0.424685
14.0,104.0,45.510321,45.3698,0.140521,0.309724
16.0,104.0,45.083287,45.003,0.080287,0.178404
18.0,104.0,44.721951,44.6736,0.048351,0.108232
20.0,104.0,44.409888,44.3782,0.031688,0.071404
22.0,104.0,44.147098,44.1158,0.031298,0.070945
24.0,104.0,43.917157,43.8844,0.032757,0.074644
2.0,105.0,48.499556,48.456,0.043556,0.089888
4.0,105.0,47.924703,47.8215,0.103203,0.215809
6.0,105.0,47.382699,47.2375,0.145199,0.307381
8.0,105.0,46.82427,46.7065,0.11777,0.252149
10.0,105.0,46.364388,46.212,0.152388,0.329759
12.0,105.0,45.970203,45.7655,0.204703,0.447287
14.0,105.0,45.510321,45.3595,0.150821,0.332501
16.0,105.0,45.083287,44.9925,0.090787,0.201783
18.0,105.0,44.721951,44.663,0.058951,0.131991
20.0,105.0,44.393464,44.3675,0.025964,0.05852
22.0,105.0,44.130674,44.105,0.025674,0.058211
24.0,105.0,43.900733,43.8735,0.027233,0.062072
2.0,106.0,48.483131,48.446,0.037131,0.076644
4.0,106.0,47.908278,47.8116,0.096678,0.202206
6.0,106.0,47.366274,47.2274,0.138874,0.294054
8.0,106.0,46.807846,46.6974,0.110446,0.236514
10.0,106.0,46.364388,46.2018,0.162588,0.351908
12.0,106.0,45.970203,45.7552,0.215003,0.469899
14.0,106.0,45.493896,45.3492,0.144696,0.319071
16.0,106.0,45.066863,44.982,0.084863,0.18866
18.0,106.0,44.705527,44.6524,0.053127,0.118979
20.0,106.0,44.393464,44.3568,0.036664,0.082657
22.0,106.0,44.130674,44.0942,0.036474,0.082718
24.0,106.0,43.900733,43.8626,0.038133,0.086937
2.0,107.0,48.483131,48.436,0.047131,0.097306
4.0,107.0,47.891854,47.8017,0.090154,0.1886
6.0,107.0,47.366274,47.2173,0.148974,0.315507
8.0,107.0,46.807846,46.6883,0.119546,0.256051
10.0,107.0,46.347964,46.1916,0.156364,0.338512
12.0,107.0,45.953779,45.7449,0.208879,0.456617
14.0,107.0,45.477472,45.3389,0.138572,0.305636
16.0,107.0,45.066863,44.9715,0.095363,0.212052
18.0,107.0,44.689102,44.6418,0.047302,0.105959
20.0,107.0,44.377039,44.3461,0.030939,0.069767
22.0,107.0,44.11425,44.0834,0.03085,0.069981
24.0,107.0,43.884308,43.8517,0.032608,0.07436
2.0,108.0,48.466707,48.426,0.040707,0.08406
4.0,108.0,47.891854,47.7918,0.100054,0.209354
6.0,108.0,47.34985,47.2072,0.14265,0.302178
8.0,108.0,46.791421,46.6792,0.112221,0.240409
10.0,108.0,46.347964,46.1814,0.166564,0.360673
12.0,108.0,45.953779,45.7346,0.219179,0.479241
14.0,108.0,45.477472,45.3286,0.148872,0.328428
16.0,108.0,45.050438,44.961,0.089438,0.198924
18.0,108.0,44.689102,44.6312,0.057902,0.129734
20.0,108.0,44.377039,44.3354,0.041639,0.093918
22.0,108.0,44.097825,44.0726,0.025225,0.057235
24.0,108.0,43.867884,43.8408,0.027084,0.061778
2.0,109.0,48.466707,48.416,0.050707,0.104732
4.0,109.0,47.891854,47.7819,0.109954,0.230116
6.0,109.0,47.34985,47.1971,0.15275,0.323643
8.0,109.0,46.791421,46.6701,0.121321,0.259954
10.0,109.0,46.331539,46.1712,0.160339,0.347271
12.0,109.0,45.937354,45.7243,0.213054,0.465954
14.0,109.0,45.461048,45.3183,0.142748,0.31499
16.0,109.0,45.050438,44.9505,0.099938,0.222329
18.0,109.0,44.672678,44.6206,0.052078,0.116713
20.0,109.0,44.360615,44.3247,0.035915,0.081027
22.0,109.0,44.081401,44.0618,0.019601,0.044485
24.0,109.0,43.867884,43.8299,0.037984,0.086662
2.0,110.0,48.450283,48.406,0.044283,0.091482
4.0,110.0,47.87543,47.772,0.10343,0.216508
6.0,110.0,47.333426,47.187,0.146426,0.31031
8.0,110.0,46.774997,46.661,0.113997,0.244309
10.0,110.0,46.331539,46.161,0.170539,0.369444
12.0,110.0,45.92093,45.714,0.20693,0.452662
14.0,110.0,45.461048,45.308,0.153048,0.337795
16.0,110.0,45.034014,44.94,0.094014,0.209199
18.0,110.0,44.672678,44.61,0.062678,0.140502
20.0,110.0,44.344191,44.314,0.030191,0.06813
22.0,110.0,44.081401,44.051,0.030401,0.069013
24.0,110.0,43.85146,43.819,0.03246,0.074077
2.0,111.0,48.450283,48.3961,0.054183,0.111957
4.0,111.0,47.87543,47.762,0.11343,0.23749
6.0,111.0,47.333426,47.1771,0.156326,0.33136
8.0,111.0,46.774997,46.65,0.124997,0.267946
10.0,111.0,46.331539,46.1509,0.180639,0.391409
12.0,111.0,45.92093,45.7038,0.21713,0.475081
14.0,111.0,45.444623,45.2977,0.146923,0.32435
16.0,111.0,45.034014,44.9297,0.104314,0.232172
18.0,111.0,44.656254,44.5995,0.056754,0.127253
20.0,111.0,44.327766,44.3034,0.024366,0.054998
22.0,111.0,44.064976,44.0402,0.024776,0.056258
24.0,111.0,43.835035,43.8081,0.026935,0.061484
2.0,112.0,48.433858,48.3862,0.047658,0.098495
4.0,112.0,47.859005,47.752,0.107005,0.224085
6.0,112.0,47.317001,47.1672,0.149801,0.317596
8.0,112.0,46.758573,46.639,0.119573,0.25638
10.0,112.0,46.315115,46.1408,0.174315,0.377789
12.0,112.0,45.904506,45.6936,0.210906,0.461566
14.0,112.0,45.444623,45.2874,0.157223,0.347167
16.0,112.0,45.01759,44.9194,0.09819,0.218592
18.0,112.0,44.639829,44.589,0.050829,0.113994
20.0,112.0,44.327766,44.2928,0.034966,0.078943
22.0,112.0,44.064976,44.0294,0.035576,0.080801
24.0,112.0,43.835035,43.7972,0.037835,0.086387
2.0,113.0,48.433858,48.3763,0.057558,0.11898
4.0,113.0,47.842581,47.742,0.100581,0.210676
6.0,113.0,47.317001,47.1573,0.159701,0.338656
8.0,113.0,46.758573,46.628,0.130573,0.280031
10.0,113.0,46.29869,46.1307,0.16799,0.364161
12.0,113.0,45.904506,45.6834,0.221106,0.483996
14.0,113.0,45.444623,45.2771,0.167523,0.369995
16.0,113.0,45.01759,44.9091,0.10849,0.241577
18.0,113.0,44.639829,44.5785,0.061329,0.137575
20.0,113.0,44.311342,44.2822,0.029142,0.06581
22.0,113.0,44.048552,44.0186,0.029952,0.068044
24.0,113.0,43.818611,43.7863,0.032311,0.073792
2.0,114.0,48.417434,48.3664,0.051034,0.105515
4.0,114.0,47.842581,47.732,0.110581,0.231671
6.0,114.0,47.300577,47.1474,0.153177,0.32489
8.0,114.0,46.742148,46.617,0.125148,0.26846
10.0,114.0,46.29869,46.1206,0.17809,0.38614
12.0,114.0,45.888081,45.6732,0.214881,0.470475
14.0,114.0,45.428199,45.2668,0.161399,0.35655
16.0,114.0,45.001165,44.8988,0.102365,0.227991
18.0,114.0,44.623405,44.568,0.055405,0.124316
20.0,114.0,44.311342,44.2716,0.039742,0.089769
22.0,114.0,44.032128,44.0078,0.024328,0.055281
24.0,114.0,43.802187,43.7754,0.026787,0.061192
2.0,115.0,48.417434,48.3565,0.060934,0.12601
4.0,115.0,47.826157,47.722,0.104157,0.218258
6.0,115.0,47.300577,47.1375,0.163077,0.34596
8.0,115.0,46.742148,46.606,0.136148,0.292125
10.0,115.0,46.282266,46.1105,0.171766,0.37251
12.0,115.0,45.888081,45.663,0.225081,0.492918
14.0,115.0,45.428199,45.2565,0.171699,0.379391
16.0,115.0,44.984741,44.8885,0.096241,0.2144
18.0,115.0,44.623405,44.5575,0.065905,0.14791
20.0,115.0,44.294918,44.261,0.033918,0.076632
22.0,115.0,44.032128,43.997,0.035128,0.079842
24.0,115.0,43.785762,43.7645,0.021262,0.048583
2.0,116.0,48.401009,48.3466,0.054409,0.112539
4.0,116.0,47.809732,47.712,0.097732,0.204837
6.0,116.0,47.284152,47.1276,0.156552,0.332188
8.0,116.0,46.725724,46.595,0.130724,0.280554
10.0,116.0,46.265842,46.1004,0.165442,0.358873
12.0,116.0,45.871657,45.6528,0.218857,0.479394
14.0,116.0,45.411775,45.2462,0.165575,0.365942
16.0,116.0,44.968317,44.8782,0.090117,0.200804
18.0,116.0,44.606981,44.547,0.059981,0.134647
20.0,116.0,44.278493,44.2504,0.028093,0.063486
22.0,116.0,44.015703,43.9862,0.029503,0.067073
24.0,116.0,43.785762,43.7536,0.032162,0.073507
2.0,117.0,48.401009,48.3367,0.064309,0.133044
4.0,117.0,47.809732,47.702,0.107732,0.225844
6.0,117.0,47.267728,47.1177,0.150028,0.318411
8.0,117.0,46.725724,46.584,0.141724,0.304233
10.0,117.0,46.265842,46.0903,0.175542,0.380865
12.0,117.0,45.871657,45.6426,0.229057,0.501849
14.0,117.0,45.411775,45.2359,0.175875,0.388795
16.0,117.0,44.968317,44.8679,0.100417,0.223806
18.0,117.0,44.590556,44.5365,0.054056,0.121375
20.0,117.0,44.278493,44.2398,0.038693,0.087462
22.0,117.0,43.999279,43.9754,0.023879,0.054301
24.0,117.0,43.769338,43.7427,0.026638,0.060897
2.0,118.0,48.384585,48.3268,0.057785,0.119571
4.0,118.0,47.809732,47.692,0.117732,0.246859
6.0,118.0,47.267728,47.1078,0.159928,0.339494
8.0,118.0,46.725724,46.573,0.152724,0.327924
10.0,118.0,46.249417,46.0802,0.169217,0.367223
12.0,118.0,45.855232,45.6324,0.222832,0.48832
14.0,118.0,45.39535,45.2256,0.16975,0.375341
16.0,118.0,44.951892,44.8576,0.094292,0.210203
18.0,118.0,44.590556,44.526,0.064556,0.144985
20.0,118.0,44.262069,44.2292,0.032869,0.074315
22.0,118.0,43.999279,43.9646,0.034679,0.078879
24.0,118.0,43.769338,43.7318,0.037538,0.085837
2.0,119.0,48.368161,48.3169,0.051261,0.106093
4.0,119.0,47.793308,47.682,0.111308,0.233438
6.0,119.0,47.251304,47.0979,0.153404,0.325713
8.0,119.0,46.7093,46.562,0.1473,0.316352
10.0,119.0,46.249417,46.0701,0.179317,0.389226
12.0,119.0,45.838808,45.6222,0.216608,0.474786
14.0,119.0,45.378926,45.2153,0.163626,0.361882
16.0,119.0,44.951892,44.8473,0.104592,0.233218
18.0,119.0,44.574132,44.5155,0.058632,0.131711
20.0,119.0,44.245644,44.2186,0.027044,0.06116
22.0,119.0,43.982855,43.9538,0.029055,0.066103
24.0,119.0,43.752913,43.7209,0.032013,0.073221
2.0,120.0,48.368161,48.307,0.061161,0.126609
4.0,120.0,47.793308,47.672,0.121308,0.254464
6.0,120.0,47.251304,47.088,0.163304,0.346806
8.0,120.0,46.692875,46.551,0.141875,0.304773
10.0,120.0,46.249417,46.06,0.189417,0.41124
12.0,120.0,45.838808,45.612,0.226808,0.497255
14.0,120.0,45.378926,45.205,0.173926,0.384749
16.0,120.0,44.935468,44.837,0.098468,0.219613
18.0,120.0,44.557707,44.505,0.052707,0.118429
20.0,120.0,44.245644,44.208,0.037644,0.085152
22.0,120.0,43.96643,43.943,0.02343,0.053319
24.0,120.0,43.752913,43.71,0.042913,0.098177
